-- phpMyAdmin SQL Dump
-- version 5.2.1
-- https://www.phpmyadmin.net/
--
-- Host: localhost:3306
-- Generation Time: May 11, 2024 at 09:26 AM
-- Server version: 10.3.39-MariaDB-cll-lve
-- PHP Version: 8.1.27

SET SQL_MODE = "NO_AUTO_VALUE_ON_ZERO";
START TRANSACTION;
SET time_zone = "+00:00";


/*!40101 SET @OLD_CHARACTER_SET_CLIENT=@@CHARACTER_SET_CLIENT */;
/*!40101 SET @OLD_CHARACTER_SET_RESULTS=@@CHARACTER_SET_RESULTS */;
/*!40101 SET @OLD_COLLATION_CONNECTION=@@COLLATION_CONNECTION */;
/*!40101 SET NAMES utf8mb4 */;

--
-- Database: `kiucoid_undian`
--

-- --------------------------------------------------------

--
-- Table structure for table `tb_pemenang`
--

CREATE TABLE `tb_pemenang` (
  `id_win` int(11) NOT NULL,
  `nomor` int(11) NOT NULL,
  `nama_toko` varchar(255) NOT NULL,
  `id_kat_undi` int(11) NOT NULL,
  `kat_undian` varchar(255) NOT NULL,
  `id_prize` int(11) NOT NULL,
  `nama_prize` varchar(255) NOT NULL
) ENGINE=InnoDB DEFAULT CHARSET=latin1 COLLATE=latin1_swedish_ci;

-- --------------------------------------------------------

--
-- Table structure for table `tb_prize`
--

CREATE TABLE `tb_prize` (
  `id_prize` int(11) NOT NULL,
  `id_kat_undi` int(11) NOT NULL,
  `nama_prize` varchar(255) NOT NULL,
  `img` varchar(255) NOT NULL
) ENGINE=InnoDB DEFAULT CHARSET=latin1 COLLATE=latin1_swedish_ci;

--
-- Dumping data for table `tb_prize`
--

INSERT INTO `tb_prize` (`id_prize`, `id_kat_undi`, `nama_prize`, `img`) VALUES
(1, 4, 'City Car Off The Road', 'City_Car_Off_The_Road.png'),
(2, 4, 'Sepeda Motor Honda PCX ', 'Sepeda_Motor_Honda_PCX.png'),
(3, 5, 'Motor Vario   ', 'Motor_Vario.png'),
(4, 3, 'Motor Beat Sporty CBS ', 'Motor_Beat_Sporty_CBS.png'),
(5, 3, 'Voucher Belanja   ', 'Voucher_Belanja.png'),
(6, 3, 'Laptop    ', 'Laptop.png'),
(7, 3, 'Sepeda Listrik   ', 'Sepeda_Listrik.png'),
(8, 3, 'Kulkas 2 Pintu  ', 'Kulkas_2_Pintu.png'),
(9, 3, 'TV 32   ', 'TV_32.png'),
(10, 3, 'HP Android   ', 'HP_Android.png'),
(11, 1, 'Voucher Belanja   ', 'Voucher_Belanja.png'),
(12, 1, 'Pompa Apung   ', 'Pompa_Apung.png'),
(13, 1, 'Sprayer Mesin   ', 'Sprayer_Mesin.png'),
(14, 1, 'Sprayer Elektrik 16 Ltr ', 'Sprayer_Elektrik_16_Ltr.png'),
(15, 1, 'Sprayer Elektrik 10 Ltr ', 'Sprayer_Elektrik_10_Ltr.png'),
(16, 1, 'Tangki Kocor Cair  ', 'Tangki_Kocor_Cair.png');

-- --------------------------------------------------------

--
-- Table structure for table `tb_undangan`
--

CREATE TABLE `tb_undangan` (
  `id_undangan` int(11) NOT NULL,
  `nama_toko` varchar(255) NOT NULL,
  `asal_toko` varchar(255) NOT NULL,
  `point_silver` int(11) NOT NULL,
  `point_gold` int(11) NOT NULL,
  `point_platinum` int(11) NOT NULL
) ENGINE=InnoDB DEFAULT CHARSET=latin1 COLLATE=latin1_swedish_ci;

-- --------------------------------------------------------

--
-- Table structure for table `tb_undian`
--

CREATE TABLE `tb_undian` (
  `id_kat_undi` int(11) NOT NULL,
  `kat_undian` varchar(255) NOT NULL
) ENGINE=MyISAM DEFAULT CHARSET=latin1 COLLATE=latin1_swedish_ci;

--
-- Dumping data for table `tb_undian`
--

INSERT INTO `tb_undian` (`id_kat_undi`, `kat_undian`) VALUES
(1, 'silver'),
(3, 'gold'),
(4, 'platinum'),
(5, 'extra');

-- --------------------------------------------------------

--
-- Table structure for table `tb_win`
--

CREATE TABLE `tb_win` (
  `id_pemenang` int(11) NOT NULL,
  `nomor_undian` int(11) NOT NULL,
  `nama_toko` varchar(255) NOT NULL,
  `kat_undian` int(11) NOT NULL,
  `hadiah` varchar(255) NOT NULL
) ENGINE=InnoDB DEFAULT CHARSET=latin1 COLLATE=latin1_swedish_ci;

-- --------------------------------------------------------

--
-- Table structure for table `undian_extra`
--

CREATE TABLE `undian_extra` (
  `id_undi` int(11) NOT NULL,
  `nomor_undi` int(11) NOT NULL,
  `nama_toko` varchar(255) NOT NULL,
  `status` int(2) NOT NULL
) ENGINE=MyISAM DEFAULT CHARSET=latin1 COLLATE=latin1_swedish_ci;

--
-- Dumping data for table `undian_extra`
--

INSERT INTO `undian_extra` (`id_undi`, `nomor_undi`, `nama_toko`, `status`) VALUES
(1, 1, 'Karya Tani Makmur/Irwanto', 0),
(2, 2, 'Mohan Putra Mandiri', 0),
(3, 3, 'Sumber Tani Makmur, UD/Suyitno, H', 0),
(4, 4, 'Sumber Tani, UD/Basuni', 0),
(5, 5, 'Sumber Tani/Widi, H', 0),
(6, 6, 'Himma Jaya, UD', 0),
(7, 7, 'Lanta Bura', 0),
(8, 8, 'Sahabat Tani, UD/Edy', 0),
(9, 9, 'Rizki Tani/Ratna', 0),
(10, 10, 'Alam Tani', 0),
(11, 11, 'Berkah Abadi Tani/Widodo', 0),
(12, 12, 'Cipta Jaya Multifarm', 0),
(13, 13, 'Nuansa Tani', 0),
(14, 14, 'Pelita Tani, CV/Budi', 0),
(15, 15, 'Subur Makmur, UD', 0),
(16, 16, 'Afi Jaya', 0),
(17, 17, 'Barokah Tani/Nur Hisan', 0),
(18, 18, 'Bunga Bertani, UD', 0),
(19, 19, 'Fajar Tani Muliya/Ibnu', 0),
(20, 20, 'Hikmah Agung Tuban, CV', 0),
(21, 21, 'Sahala/Syaiful', 0),
(22, 22, 'Unggul Jaya/Sholekun', 0),
(23, 23, 'Agro Tiara Jaya', 0),
(24, 24, 'Akbar Tani, UD', 0),
(25, 25, 'Berkah Tani/Zainul', 0),
(26, 26, 'Bimo Rukun Tani, UD', 0),
(27, 27, 'Cahaya Mulya', 0),
(28, 28, 'Dino Vita, Toko', 0),
(29, 29, 'Eka Jaya/David', 0),
(30, 30, 'Gunung Semeru', 0),
(31, 31, 'Harapan, UD/Julik', 0),
(32, 32, 'KSU CU Sang Timur/CU Agro', 0),
(33, 33, 'Langgeng Makmur', 0),
(34, 34, 'Layan Tani II', 0),
(35, 35, 'Maha Karya Sentosa, Toko', 0),
(36, 36, 'Mujahidin Delapan, UD', 0),
(37, 37, 'Mulyo Tani/Danang', 0),
(38, 38, 'Mutiara Tani, UD/Abdur Rahman', 0),
(39, 39, 'Rizki Santoso, UD', 0),
(40, 40, 'Sari Rejeki/Singgih', 0),
(41, 41, 'Sumber Rahayu, UD', 0),
(42, 42, 'Sumber Rejeki/Febi', 0),
(43, 43, 'Bintang Mas, UD/Sopian', 0),
(44, 44, 'Sahabat Tani, UD/Amirudin', 0),
(45, 45, 'Primus Tani, UD', 0),
(46, 46, 'Amanah, Toko/Sabariah', 0),
(47, 47, 'Purbaya', 0),
(48, 48, 'Dana Iel Jaya', 0),
(49, 49, 'Mutiara Tani/Susilo', 0),
(50, 50, 'Usaha Tani, UD/Sunarto', 0),
(51, 51, 'Barokah Tani, UD/Sutrisno', 0),
(52, 52, 'Muji Syukur/Muflichun', 0),
(53, 53, 'Surya, UD/Suryawan', 0),
(54, 54, 'Anugrah Tani/Agung', 0),
(55, 55, 'Inti Tani/Hermin', 0),
(56, 56, 'Mulur, UD', 0),
(57, 57, 'Sumber Tani/Agus Widjaja', 0),
(58, 58, 'Tani Sejati/Ivan', 0),
(59, 59, 'Mitra Jaya, UD/Rudiyanto', 0),
(60, 60, 'Sugesti', 0),
(61, 61, 'Sumber Pangan/Jainuri', 0),
(62, 62, 'Sinar Jaya/Hanis', 0),
(63, 63, 'Sentra Agronusa Bhakti, PT', 0),
(64, 64, 'Sido Makmur/Arif', 0),
(65, 65, 'Tani Mandiri, UD/Rizki', 0),
(66, 66, 'Bina Tani Mandiri, UD', 0),
(67, 67, 'Bukit Subur, UD', 0),
(68, 68, 'Jelita, UD', 0),
(69, 69, 'Karya Tani, UD/Raniasa', 0),
(70, 70, 'Mega Tani, UD', 0),
(71, 71, 'Sahabat Tani/Nyoman Suirka', 0),
(72, 72, 'Sari Raya/Mr. Sastra', 0),
(73, 73, 'Sekar Ayu Lestari', 0),
(74, 74, 'Setia Tani/Hendrayani', 0),
(75, 75, 'Sri Sindu/I Gede Sukaraditia', 0),
(76, 76, 'Sukma Tani', 0),
(77, 77, 'Widya Parta, UD', 0),
(78, 78, 'Kumpul Tani/Hendro', 0),
(79, 79, 'Setia Jaya, UD/Saiful', 0),
(80, 80, 'Tani Jaya/Afuk', 0),
(81, 81, 'Al Badar/Badar, H', 0),
(82, 82, 'Bima Tani Jaya/Kevin Pratama', 0),
(83, 83, 'Bumi Jaya, UD/Farida', 0),
(84, 84, 'Enggal Unggul', 0),
(85, 85, 'Fajar Tani Makmur, CV', 0),
(86, 86, 'Merdeka Tani/Sugiono', 0),
(87, 87, 'Rajawali/Arif', 0),
(88, 88, 'Sekar Tani/Matori', 0),
(89, 89, 'Serba Hasil/Ansori', 0),
(90, 90, 'Sugeng Makmur, Toko', 0),
(91, 91, 'Varia Agro Mandiri, CV', 0),
(92, 92, 'Tani Agung/Erta', 0),
(93, 93, 'Bumi Asih, UD/Hasan', 0),
(94, 94, 'Delima, Toko/Nurhasan', 0),
(95, 95, 'Ibu Tani', 0),
(96, 96, 'Karya Guna/Agus', 0),
(97, 97, 'Pemuda Tani/Abdullah', 0),
(98, 98, 'Tani Jaya, UD/Choiri', 0),
(99, 99, 'Mona Tani', 0),
(100, 100, 'Prima Tani/Candra Sanjaya', 0),
(101, 101, 'Sumber Berkat/Agus', 0);

-- --------------------------------------------------------

--
-- Table structure for table `undian_gold`
--

CREATE TABLE `undian_gold` (
  `id_undian` int(11) NOT NULL,
  `nomor_undi` int(11) NOT NULL,
  `nama_toko` varchar(255) NOT NULL,
  `status` int(2) NOT NULL
) ENGINE=InnoDB DEFAULT CHARSET=latin1 COLLATE=latin1_swedish_ci;

--
-- Dumping data for table `undian_gold`
--

INSERT INTO `undian_gold` (`id_undian`, `nomor_undi`, `nama_toko`, `status`) VALUES
(1, 1, 'Karya Tani Makmur/Irwanto', 0),
(2, 2, 'Mohan Putra Mandiri', 0),
(3, 3, 'Mohan Putra Mandiri', 0),
(4, 4, 'Mohan Putra Mandiri', 0),
(5, 5, 'Mohan Putra Mandiri', 0),
(6, 6, 'Sumber Tani Makmur, UD/Suyitno, H', 0),
(7, 7, 'Sumber Tani Makmur, UD/Suyitno, H', 0),
(8, 8, 'Sumber Tani, UD/Basuni', 0),
(9, 9, 'Sumber Tani/Widi, H', 0),
(10, 10, 'Sumber Tani/Widi, H', 0),
(11, 11, 'Sumber Tani/Widi, H', 0),
(12, 12, 'Sumber Tani/Widi, H', 0),
(13, 13, 'Sumber Tani/Widi, H', 0),
(14, 14, 'Sumber Tani/Widi, H', 0),
(15, 15, 'Sumber Tani/Widi, H', 0),
(16, 16, 'Sumber Tani/Widi, H', 0),
(17, 17, 'Himma Jaya, UD', 0),
(18, 18, 'Himma Jaya, UD', 0),
(19, 19, 'Himma Jaya, UD', 0),
(20, 20, 'Lanta Bura', 0),
(21, 21, 'Lanta Bura', 0),
(22, 22, 'Lanta Bura', 0),
(23, 23, 'Sahabat Tani, UD/Edy', 0),
(24, 24, 'Rizki Tani/Ratna', 0),
(25, 25, 'Rizki Tani/Ratna', 0),
(26, 26, 'Rizki Tani/Ratna', 0),
(27, 27, 'Rizki Tani/Ratna', 0),
(28, 28, 'Rizki Tani/Ratna', 0),
(29, 29, 'Rizki Tani/Ratna', 0),
(30, 30, 'Rizki Tani/Ratna', 0),
(31, 31, 'Rizki Tani/Ratna', 0),
(32, 32, 'Rizki Tani/Ratna', 0),
(33, 33, 'Rizki Tani/Ratna', 0),
(34, 34, 'Rizki Tani/Ratna', 0),
(35, 35, 'Rizki Tani/Ratna', 0),
(36, 36, 'Rizki Tani/Ratna', 0),
(37, 37, 'Rizki Tani/Ratna', 0),
(38, 38, 'Rizki Tani/Ratna', 0),
(39, 39, 'Rizki Tani/Ratna', 0),
(40, 40, 'Rizki Tani/Ratna', 0),
(41, 41, 'Rizki Tani/Ratna', 0),
(42, 42, 'Rizki Tani/Ratna', 0),
(43, 43, 'Rizki Tani/Ratna', 0),
(44, 44, 'Rizki Tani/Ratna', 0),
(45, 45, 'Rizki Tani/Ratna', 0),
(46, 46, 'Rizki Tani/Ratna', 0),
(47, 47, 'Rizki Tani/Ratna', 0),
(48, 48, 'Rizki Tani/Ratna', 0),
(49, 49, 'Rizki Tani/Ratna', 0),
(50, 50, 'Rizki Tani/Ratna', 0),
(51, 51, 'Rizki Tani/Ratna', 0),
(52, 52, 'Alam Tani', 0),
(53, 53, 'Alam Tani', 0),
(54, 54, 'Alam Tani', 0),
(55, 55, 'Alam Tani', 0),
(56, 56, 'Alam Tani', 0),
(57, 57, 'Alam Tani', 0),
(58, 58, 'Alam Tani', 0),
(59, 59, 'Alam Tani', 0),
(60, 60, 'Alam Tani', 0),
(61, 61, 'Alam Tani', 0),
(62, 62, 'Alam Tani', 0),
(63, 63, 'Alam Tani', 0),
(64, 64, 'Berkah Abadi Tani/Widodo', 0),
(65, 65, 'Berkah Abadi Tani/Widodo', 0),
(66, 66, 'Berkah Abadi Tani/Widodo', 0),
(67, 67, 'Berkah Abadi Tani/Widodo', 0),
(68, 68, 'Berkah Abadi Tani/Widodo', 0),
(69, 69, 'Cipta Jaya Multifarm', 0),
(70, 70, 'Nuansa Tani', 0),
(71, 71, 'Nuansa Tani', 0),
(72, 72, 'Nuansa Tani', 0),
(73, 73, 'Nuansa Tani', 0),
(74, 74, 'Nuansa Tani', 0),
(75, 75, 'Nuansa Tani', 0),
(76, 76, 'Nuansa Tani', 0),
(77, 77, 'Nuansa Tani', 0),
(78, 78, 'Nuansa Tani', 0),
(79, 79, 'Pelita Tani, CV/Budi', 0),
(80, 80, 'Subur Makmur, UD', 0),
(81, 81, 'Subur Makmur, UD', 0),
(82, 82, 'Subur Makmur, UD', 0),
(83, 83, 'Subur Makmur, UD', 0),
(84, 84, 'Afi Jaya', 0),
(85, 85, 'Barokah Tani/Nur Hisan', 0),
(86, 86, 'Barokah Tani/Nur Hisan', 0),
(87, 87, 'Barokah Tani/Nur Hisan', 0),
(88, 88, 'Barokah Tani/Nur Hisan', 0),
(89, 89, 'Barokah Tani/Nur Hisan', 0),
(90, 90, 'Barokah Tani/Nur Hisan', 0),
(91, 91, 'Barokah Tani/Nur Hisan', 0),
(92, 92, 'Barokah Tani/Nur Hisan', 0),
(93, 93, 'Barokah Tani/Nur Hisan', 0),
(94, 94, 'Barokah Tani/Nur Hisan', 0),
(95, 95, 'Barokah Tani/Nur Hisan', 0),
(96, 96, 'Bunga Bertani, UD', 0),
(97, 97, 'Fajar Tani Muliya/Ibnu', 0),
(98, 98, 'Hikmah Agung Tuban, CV', 0),
(99, 99, 'Hikmah Agung Tuban, CV', 0),
(100, 100, 'Hikmah Agung Tuban, CV', 0),
(101, 101, 'Hikmah Agung Tuban, CV', 0),
(102, 102, 'Sahala/Syaiful', 0),
(103, 103, 'Sahala/Syaiful', 0),
(104, 104, 'Sahala/Syaiful', 0),
(105, 105, 'Sahala/Syaiful', 0),
(106, 106, 'Sahala/Syaiful', 0),
(107, 107, 'Unggul Jaya/Sholekun', 0),
(108, 108, 'Unggul Jaya/Sholekun', 0),
(109, 109, 'Unggul Jaya/Sholekun', 0),
(110, 110, 'Unggul Jaya/Sholekun', 0),
(111, 111, 'Agro Tiara Jaya', 0),
(112, 112, 'Akbar Tani, UD', 0),
(113, 113, 'Akbar Tani, UD', 0),
(114, 114, 'Berkah Tani/Zainul', 0),
(115, 115, 'Bimo Rukun Tani, UD', 0),
(116, 116, 'Bimo Rukun Tani, UD', 0),
(117, 117, 'Cahaya Mulya', 0),
(118, 118, 'Cahaya Mulya', 0),
(119, 119, 'Dino Vita, Toko', 0),
(120, 120, 'Eka Jaya/David', 0),
(121, 121, 'Eka Jaya/David', 0),
(122, 122, 'Eka Jaya/David', 0),
(123, 123, 'Eka Jaya/David', 0),
(124, 124, 'Eka Jaya/David', 0),
(125, 125, 'Eka Jaya/David', 0),
(126, 126, 'Eka Jaya/David', 0),
(127, 127, 'Eka Jaya/David', 0),
(128, 128, 'Eka Jaya/David', 0),
(129, 129, 'Eka Jaya/David', 0),
(130, 130, 'Eka Jaya/David', 0),
(131, 131, 'Eka Jaya/David', 0),
(132, 132, 'Eka Jaya/David', 0),
(133, 133, 'Eka Jaya/David', 0),
(134, 134, 'Eka Jaya/David', 0),
(135, 135, 'Eka Jaya/David', 0),
(136, 136, 'Eka Jaya/David', 0),
(137, 137, 'Eka Jaya/David', 0),
(138, 138, 'Gunung Semeru', 0),
(139, 139, 'Gunung Semeru', 0),
(140, 140, 'Gunung Semeru', 0),
(141, 141, 'Harapan, UD/Julik', 0),
(142, 142, 'Harapan, UD/Julik', 0),
(143, 143, 'KSU CU Sang Timur/CU Agro', 0),
(144, 144, 'KSU CU Sang Timur/CU Agro', 0),
(145, 145, 'Langgeng Makmur', 0),
(146, 146, 'Langgeng Makmur', 0),
(147, 147, 'Langgeng Makmur', 0),
(148, 148, 'Langgeng Makmur', 0),
(149, 149, 'Langgeng Makmur', 0),
(150, 150, 'Langgeng Makmur', 0),
(151, 151, 'Langgeng Makmur', 0),
(152, 152, 'Langgeng Makmur', 0),
(153, 153, 'Langgeng Makmur', 0),
(154, 154, 'Langgeng Makmur', 0),
(155, 155, 'Langgeng Makmur', 0),
(156, 156, 'Langgeng Makmur', 0),
(157, 157, 'Langgeng Makmur', 0),
(158, 158, 'Layan Tani II', 0),
(159, 159, 'Maha Karya Sentosa, Toko', 0),
(160, 160, 'Mujahidin Delapan, UD', 0),
(161, 161, 'Mulyo Tani/Danang', 0),
(162, 162, 'Mulyo Tani/Danang', 0),
(163, 163, 'Mulyo Tani/Danang', 0),
(164, 164, 'Mulyo Tani/Danang', 0),
(165, 165, 'Mulyo Tani/Danang', 0),
(166, 166, 'Mulyo Tani/Danang', 0),
(167, 167, 'Mulyo Tani/Danang', 0),
(168, 168, 'Mulyo Tani/Danang', 0),
(169, 169, 'Mulyo Tani/Danang', 0),
(170, 170, 'Mulyo Tani/Danang', 0),
(171, 171, 'Mulyo Tani/Danang', 0),
(172, 172, 'Mulyo Tani/Danang', 0),
(173, 173, 'Mulyo Tani/Danang', 0),
(174, 174, 'Mulyo Tani/Danang', 0),
(175, 175, 'Mutiara Tani, UD/Abdur Rahman', 0),
(176, 176, 'Mutiara Tani, UD/Abdur Rahman', 0),
(177, 177, 'Mutiara Tani, UD/Abdur Rahman', 0),
(178, 178, 'Mutiara Tani, UD/Abdur Rahman', 0),
(179, 179, 'Rizki Santoso, UD', 0),
(180, 180, 'Sari Rejeki/Singgih', 0),
(181, 181, 'Sumber Rahayu, UD', 0),
(182, 182, 'Sumber Rahayu, UD', 0),
(183, 183, 'Sumber Rejeki/Febi', 0),
(184, 184, 'Bintang Mas, UD/Sopian', 0),
(185, 185, 'Bintang Mas, UD/Sopian', 0),
(186, 186, 'Bintang Mas, UD/Sopian', 0),
(187, 187, 'Bintang Mas, UD/Sopian', 0),
(188, 188, 'Bintang Mas, UD/Sopian', 0),
(189, 189, 'Bintang Mas, UD/Sopian', 0),
(190, 190, 'Sahabat Tani, UD/Amirudin', 0),
(191, 191, 'Sahabat Tani, UD/Amirudin', 0),
(192, 192, 'Sahabat Tani, UD/Amirudin', 0),
(193, 193, 'Primus Tani, UD', 0),
(194, 194, 'Primus Tani, UD', 0),
(195, 195, 'Primus Tani, UD', 0),
(196, 196, 'Primus Tani, UD', 0),
(197, 197, 'Primus Tani, UD', 0),
(198, 198, 'Primus Tani, UD', 0),
(199, 199, 'Primus Tani, UD', 0),
(200, 200, 'Primus Tani, UD', 0),
(201, 201, 'Primus Tani, UD', 0),
(202, 202, 'Amanah, Toko/Sabariah', 0),
(203, 203, 'Amanah, Toko/Sabariah', 0),
(204, 204, 'Amanah, Toko/Sabariah', 0),
(205, 205, 'Amanah, Toko/Sabariah', 0),
(206, 206, 'Amanah, Toko/Sabariah', 0),
(207, 207, 'Purbaya', 0),
(208, 208, 'Dana Iel Jaya', 0),
(209, 209, 'Mutiara Tani/Susilo', 0),
(210, 210, 'Mutiara Tani/Susilo', 0),
(211, 211, 'Usaha Tani, UD/Sunarto', 0),
(212, 212, 'Barokah Tani, UD/Sutrisno', 0),
(213, 213, 'Barokah Tani, UD/Sutrisno', 0),
(214, 214, 'Muji Syukur/Muflichun', 0),
(215, 215, 'Muji Syukur/Muflichun', 0),
(216, 216, 'Surya, UD/Suryawan', 0),
(217, 217, 'Surya, UD/Suryawan', 0),
(218, 218, 'Surya, UD/Suryawan', 0),
(219, 219, 'Surya, UD/Suryawan', 0),
(220, 220, 'Surya, UD/Suryawan', 0),
(221, 221, 'Anugrah Tani/Agung', 0),
(222, 222, 'Anugrah Tani/Agung', 0),
(223, 223, 'Anugrah Tani/Agung', 0),
(224, 224, 'Inti Tani/Hermin', 0),
(225, 225, 'Inti Tani/Hermin', 0),
(226, 226, 'Inti Tani/Hermin', 0),
(227, 227, 'Inti Tani/Hermin', 0),
(228, 228, 'Mulur, UD', 0),
(229, 229, 'Sumber Tani/Agus Widjaja', 0),
(230, 230, 'Tani Sejati/Ivan', 0),
(231, 231, 'Mitra Jaya, UD/Rudiyanto', 0),
(232, 232, 'Mitra Jaya, UD/Rudiyanto', 0),
(233, 233, 'Mitra Jaya, UD/Rudiyanto', 0),
(234, 234, 'Sugesti', 0),
(235, 235, 'Sumber Pangan/Jainuri', 0),
(236, 236, 'Sumber Pangan/Jainuri', 0),
(237, 237, 'Sumber Pangan/Jainuri', 0),
(238, 238, 'Sinar Jaya/Hanis', 0),
(239, 239, 'Sentra Agronusa Bhakti, PT', 0),
(240, 240, 'Sentra Agronusa Bhakti, PT', 0),
(241, 241, 'Sentra Agronusa Bhakti, PT', 0),
(242, 242, 'Sido Makmur/Arif', 0),
(243, 243, 'Tani Mandiri, UD/Rizki', 0),
(244, 244, 'Tani Mandiri, UD/Rizki', 0),
(245, 245, 'Tani Mandiri, UD/Rizki', 0),
(246, 246, 'Bina Tani Mandiri, UD', 0),
(247, 247, 'Bina Tani Mandiri, UD', 0),
(248, 248, 'Bina Tani Mandiri, UD', 0),
(249, 249, 'Bina Tani Mandiri, UD', 0),
(250, 250, 'Bina Tani Mandiri, UD', 0),
(251, 251, 'Bukit Subur, UD', 0),
(252, 252, 'Bukit Subur, UD', 0),
(253, 253, 'Bukit Subur, UD', 0),
(254, 254, 'Bukit Subur, UD', 0),
(255, 255, 'Bukit Subur, UD', 0),
(256, 256, 'Jelita, UD', 0),
(257, 257, 'Karya Tani, UD/Raniasa', 0),
(258, 258, 'Karya Tani, UD/Raniasa', 0),
(259, 259, 'Karya Tani, UD/Raniasa', 0),
(260, 260, 'Karya Tani, UD/Raniasa', 0),
(261, 261, 'Mega Tani, UD', 0),
(262, 262, 'Mega Tani, UD', 0),
(263, 263, 'Mega Tani, UD', 0),
(264, 264, 'Mega Tani, UD', 0),
(265, 265, 'Sahabat Tani/Nyoman Suirka', 0),
(266, 266, 'Sahabat Tani/Nyoman Suirka', 0),
(267, 267, 'Sahabat Tani/Nyoman Suirka', 0),
(268, 268, 'Sahabat Tani/Nyoman Suirka', 0),
(269, 269, 'Sahabat Tani/Nyoman Suirka', 0),
(270, 270, 'Sahabat Tani/Nyoman Suirka', 0),
(271, 271, 'Sari Raya/Mr. Sastra', 0),
(272, 272, 'Sekar Ayu Lestari', 0),
(273, 273, 'Sekar Ayu Lestari', 0),
(274, 274, 'Sekar Ayu Lestari', 0),
(275, 275, 'Sekar Ayu Lestari', 0),
(276, 276, 'Setia Tani/Hendrayani', 0),
(277, 277, 'Setia Tani/Hendrayani', 0),
(278, 278, 'Sri Sindu/I Gede Sukaraditia', 0),
(279, 279, 'Sukma Tani', 0),
(280, 280, 'Sukma Tani', 0),
(281, 281, 'Widya Parta, UD', 0),
(282, 282, 'Widya Parta, UD', 0),
(283, 283, 'Kumpul Tani/Hendro', 0),
(284, 284, 'Kumpul Tani/Hendro', 0),
(285, 285, 'Setia Jaya, UD/Saiful', 0),
(286, 286, 'Setia Jaya, UD/Saiful', 0),
(287, 287, 'Tani Jaya/Afuk', 0),
(288, 288, 'Tani Jaya/Afuk', 0),
(289, 289, 'Al Badar/Badar, H', 0),
(290, 290, 'Bima Tani Jaya/Kevin Pratama', 0),
(291, 291, 'Bumi Jaya, UD/Farida', 0),
(292, 292, 'Bumi Jaya, UD/Farida', 0),
(293, 293, 'Enggal Unggul', 0),
(294, 294, 'Enggal Unggul', 0),
(295, 295, 'Enggal Unggul', 0),
(296, 296, 'Enggal Unggul', 0),
(297, 297, 'Fajar Tani Makmur, CV', 0),
(298, 298, 'Fajar Tani Makmur, CV', 0),
(299, 299, 'Fajar Tani Makmur, CV', 0),
(300, 300, 'Fajar Tani Makmur, CV', 0),
(301, 301, 'Fajar Tani Makmur, CV', 0),
(302, 302, 'Merdeka Tani/Sugiono', 0),
(303, 303, 'Merdeka Tani/Sugiono', 0),
(304, 304, 'Merdeka Tani/Sugiono', 0),
(305, 305, 'Merdeka Tani/Sugiono', 0),
(306, 306, 'Rajawali/Arif', 0),
(307, 307, 'Rajawali/Arif', 0),
(308, 308, 'Rajawali/Arif', 0),
(309, 309, 'Sekar Tani/Matori', 0),
(310, 310, 'Serba Hasil/Ansori', 0),
(311, 311, 'Sugeng Makmur, Toko', 0),
(312, 312, 'Varia Agro Mandiri, CV', 0),
(313, 313, 'Tani Agung/Erta', 0),
(314, 314, 'Bumi Asih, UD/Hasan', 0),
(315, 315, 'Bumi Asih, UD/Hasan', 0),
(316, 316, 'Bumi Asih, UD/Hasan', 0),
(317, 317, 'Bumi Asih, UD/Hasan', 0),
(318, 318, 'Bumi Asih, UD/Hasan', 0),
(319, 319, 'Delima, Toko/Nurhasan', 0),
(320, 320, 'Delima, Toko/Nurhasan', 0),
(321, 321, 'Ibu Tani', 0),
(322, 322, 'Karya Guna/Agus', 0),
(323, 323, 'Pemuda Tani/Abdullah', 0),
(324, 324, 'Pemuda Tani/Abdullah', 0),
(325, 325, 'Pemuda Tani/Abdullah', 0),
(326, 326, 'Pemuda Tani/Abdullah', 0),
(327, 327, 'Tani Jaya, UD/Choiri', 0),
(328, 328, 'Mona Tani', 0),
(329, 329, 'Prima Tani/Candra Sanjaya', 0),
(330, 330, 'Prima Tani/Candra Sanjaya', 0),
(331, 331, 'Prima Tani/Candra Sanjaya', 0),
(332, 332, 'Prima Tani/Candra Sanjaya', 0),
(333, 333, 'Prima Tani/Candra Sanjaya', 0),
(334, 334, 'Prima Tani/Candra Sanjaya', 0),
(335, 335, 'Prima Tani/Candra Sanjaya', 0),
(336, 336, 'Sumber Berkat/Agus', 0),
(337, 337, 'Sumber Berkat/Agus', 0);

-- --------------------------------------------------------

--
-- Table structure for table `undian_platinum`
--

CREATE TABLE `undian_platinum` (
  `id_undian` int(11) NOT NULL,
  `nomor_undi` int(11) NOT NULL,
  `nama_toko` varchar(255) NOT NULL,
  `status` int(2) NOT NULL
) ENGINE=InnoDB DEFAULT CHARSET=latin1 COLLATE=latin1_swedish_ci;

--
-- Dumping data for table `undian_platinum`
--

INSERT INTO `undian_platinum` (`id_undian`, `nomor_undi`, `nama_toko`, `status`) VALUES
(1, 1, 'Mohan Putra Mandiri', 0),
(2, 2, 'Mohan Putra Mandiri', 0),
(3, 3, 'Sumber Tani Makmur, UD/Suyitno, H', 0),
(4, 4, 'Sumber Tani/Widi, H', 0),
(5, 5, 'Sumber Tani/Widi, H', 0),
(6, 6, 'Sumber Tani/Widi, H', 0),
(7, 7, 'Sumber Tani/Widi, H', 0),
(8, 8, 'Himma Jaya, UD', 0),
(9, 9, 'Lanta Bura', 0),
(10, 10, 'Rizki Tani/Ratna', 0),
(11, 11, 'Rizki Tani/Ratna', 0),
(12, 12, 'Rizki Tani/Ratna', 0),
(13, 13, 'Rizki Tani/Ratna', 0),
(14, 14, 'Rizki Tani/Ratna', 0),
(15, 15, 'Rizki Tani/Ratna', 0),
(16, 16, 'Rizki Tani/Ratna', 0),
(17, 17, 'Rizki Tani/Ratna', 0),
(18, 18, 'Rizki Tani/Ratna', 0),
(19, 19, 'Rizki Tani/Ratna', 0),
(20, 20, 'Rizki Tani/Ratna', 0),
(21, 21, 'Rizki Tani/Ratna', 0),
(22, 22, 'Rizki Tani/Ratna', 0),
(23, 23, 'Rizki Tani/Ratna', 0),
(24, 24, 'Alam Tani', 0),
(25, 25, 'Alam Tani', 0),
(26, 26, 'Alam Tani', 0),
(27, 27, 'Alam Tani', 0),
(28, 28, 'Alam Tani', 0),
(29, 29, 'Alam Tani', 0),
(30, 30, 'Berkah Abadi Tani/Widodo', 0),
(31, 31, 'Berkah Abadi Tani/Widodo', 0),
(32, 32, 'Nuansa Tani', 0),
(33, 33, 'Nuansa Tani', 0),
(34, 34, 'Nuansa Tani', 0),
(35, 35, 'Nuansa Tani', 0),
(36, 36, 'Subur Makmur, UD', 0),
(37, 37, 'Subur Makmur, UD', 0),
(38, 38, 'Barokah Tani/Nur Hisan', 0),
(39, 39, 'Barokah Tani/Nur Hisan', 0),
(40, 40, 'Barokah Tani/Nur Hisan', 0),
(41, 41, 'Barokah Tani/Nur Hisan', 0),
(42, 42, 'Barokah Tani/Nur Hisan', 0),
(43, 43, 'Hikmah Agung Tuban, CV', 0),
(44, 44, 'Hikmah Agung Tuban, CV', 0),
(45, 45, 'Sahala/Syaiful', 0),
(46, 46, 'Sahala/Syaiful', 0),
(47, 47, 'Unggul Jaya/Sholekun', 0),
(48, 48, 'Unggul Jaya/Sholekun', 0),
(49, 49, 'Akbar Tani, UD', 0),
(50, 50, 'Bimo Rukun Tani, UD', 0),
(51, 51, 'Cahaya Mulya', 0),
(52, 52, 'Eka Jaya/David', 0),
(53, 53, 'Eka Jaya/David', 0),
(54, 54, 'Eka Jaya/David', 0),
(55, 55, 'Eka Jaya/David', 0),
(56, 56, 'Eka Jaya/David', 0),
(57, 57, 'Eka Jaya/David', 0),
(58, 58, 'Eka Jaya/David', 0),
(59, 59, 'Eka Jaya/David', 0),
(60, 60, 'Eka Jaya/David', 0),
(61, 61, 'Gunung Semeru', 0),
(62, 62, 'Harapan, UD/Julik', 0),
(63, 63, 'KSU CU Sang Timur/CU Agro', 0),
(64, 64, 'Langgeng Makmur', 0),
(65, 65, 'Langgeng Makmur', 0),
(66, 66, 'Langgeng Makmur', 0),
(67, 67, 'Langgeng Makmur', 0),
(68, 68, 'Langgeng Makmur', 0),
(69, 69, 'Langgeng Makmur', 0),
(70, 70, 'Mulyo Tani/Danang', 0),
(71, 71, 'Mulyo Tani/Danang', 0),
(72, 72, 'Mulyo Tani/Danang', 0),
(73, 73, 'Mulyo Tani/Danang', 0),
(74, 74, 'Mulyo Tani/Danang', 0),
(75, 75, 'Mulyo Tani/Danang', 0),
(76, 76, 'Mulyo Tani/Danang', 0),
(77, 77, 'Mutiara Tani, UD/Abdur Rahman', 0),
(78, 78, 'Mutiara Tani, UD/Abdur Rahman', 0),
(79, 79, 'Sumber Rahayu, UD', 0),
(80, 80, 'Bintang Mas, UD/Sopian', 0),
(81, 81, 'Bintang Mas, UD/Sopian', 0),
(82, 82, 'Bintang Mas, UD/Sopian', 0),
(83, 83, 'Sahabat Tani, UD/Amirudin', 0),
(84, 84, 'Primus Tani, UD', 0),
(85, 85, 'Primus Tani, UD', 0),
(86, 86, 'Primus Tani, UD', 0),
(87, 87, 'Primus Tani, UD', 0),
(88, 88, 'Amanah, Toko/Sabariah', 0),
(89, 89, 'Amanah, Toko/Sabariah', 0),
(90, 90, 'Mutiara Tani/Susilo', 0),
(91, 91, 'Barokah Tani, UD/Sutrisno', 0),
(92, 92, 'Muji Syukur/Muflichun', 0),
(93, 93, 'Surya, UD/Suryawan', 0),
(94, 94, 'Surya, UD/Suryawan', 0),
(95, 95, 'Anugrah Tani/Agung', 0),
(96, 96, 'Inti Tani/Hermin', 0),
(97, 97, 'Inti Tani/Hermin', 0),
(98, 98, 'Mitra Jaya, UD/Rudiyanto', 0),
(99, 99, 'Sumber Pangan/Jainuri', 0),
(100, 100, 'Sentra Agronusa Bhakti, PT', 0),
(101, 101, 'Tani Mandiri, UD/Rizki', 0),
(102, 102, 'Bina Tani Mandiri, UD', 0),
(103, 103, 'Bina Tani Mandiri, UD', 0),
(104, 104, 'Bukit Subur, UD', 0),
(105, 105, 'Bukit Subur, UD', 0),
(106, 106, 'Karya Tani, UD/Raniasa', 0),
(107, 107, 'Karya Tani, UD/Raniasa', 0),
(108, 108, 'Mega Tani, UD', 0),
(109, 109, 'Mega Tani, UD', 0),
(110, 110, 'Sahabat Tani/Nyoman Suirka', 0),
(111, 111, 'Sahabat Tani/Nyoman Suirka', 0),
(112, 112, 'Sahabat Tani/Nyoman Suirka', 0),
(113, 113, 'Sekar Ayu Lestari', 0),
(114, 114, 'Sekar Ayu Lestari', 0),
(115, 115, 'Setia Tani/Hendrayani', 0),
(116, 116, 'Sukma Tani', 0),
(117, 117, 'Widya Parta, UD', 0),
(118, 118, 'Kumpul Tani/Hendro', 0),
(119, 119, 'Setia Jaya, UD/Saiful', 0),
(120, 120, 'Tani Jaya/Afuk', 0),
(121, 121, 'Bumi Jaya, UD/Farida', 0),
(122, 122, 'Enggal Unggul', 0),
(123, 123, 'Enggal Unggul', 0),
(124, 124, 'Fajar Tani Makmur, CV', 0),
(125, 125, 'Fajar Tani Makmur, CV', 0),
(126, 126, 'Merdeka Tani/Sugiono', 0),
(127, 127, 'Merdeka Tani/Sugiono', 0),
(128, 128, 'Rajawali/Arif', 0),
(129, 129, 'Bumi Asih, UD/Hasan', 0),
(130, 130, 'Bumi Asih, UD/Hasan', 0),
(131, 131, 'Delima, Toko/Nurhasan', 0),
(132, 132, 'Pemuda Tani/Abdullah', 0),
(133, 133, 'Pemuda Tani/Abdullah', 0),
(134, 134, 'Prima Tani/Candra Sanjaya', 0),
(135, 135, 'Prima Tani/Candra Sanjaya', 0),
(136, 136, 'Prima Tani/Candra Sanjaya', 0),
(137, 137, 'Sumber Berkat/Agus', 0);

-- --------------------------------------------------------

--
-- Table structure for table `undian_silver`
--

CREATE TABLE `undian_silver` (
  `id_undian` int(11) NOT NULL,
  `nomor_undi` int(11) NOT NULL,
  `nama_toko` varchar(255) NOT NULL,
  `status` int(11) NOT NULL
) ENGINE=InnoDB DEFAULT CHARSET=latin1 COLLATE=latin1_swedish_ci;

--
-- Dumping data for table `undian_silver`
--

INSERT INTO `undian_silver` (`id_undian`, `nomor_undi`, `nama_toko`, `status`) VALUES
(1, 1, 'Labak Tani', 0),
(2, 2, 'Labak Tani', 0),
(3, 3, 'Labak Tani', 0),
(4, 4, 'Labak Tani', 0),
(5, 5, 'Labak Tani', 0),
(6, 6, 'Labak Tani', 0),
(7, 7, 'Labak Tani', 0),
(8, 8, 'Labak Tani', 0),
(9, 9, 'Labak Tani', 0),
(10, 10, 'Labak Tani', 0),
(11, 11, 'Labak Tani', 0),
(12, 12, 'Labak Tani', 0),
(13, 13, 'Labak Tani', 0),
(14, 14, 'Labak Tani', 0),
(15, 15, 'Labak Tani', 0),
(16, 16, 'Labak Tani', 0),
(17, 17, 'Labak Tani', 0),
(18, 18, 'Labak Tani', 0),
(19, 19, 'Labak Tani', 0),
(20, 20, 'Labak Tani', 0),
(21, 21, 'Labak Tani', 0),
(22, 22, 'Labak Tani', 0),
(23, 23, 'Labak Tani', 0),
(24, 24, 'Labak Tani', 0),
(25, 25, 'Labak Tani', 0),
(26, 26, 'Labak Tani', 0),
(27, 27, 'Labak Tani', 0),
(28, 28, 'Labak Tani', 0),
(29, 29, 'Labak Tani', 0),
(30, 30, 'Labak Tani', 0),
(31, 31, 'Labak Tani', 0),
(32, 32, 'Labak Tani', 0),
(33, 33, 'Labak Tani', 0),
(34, 34, 'Labak Tani', 0),
(35, 35, 'Labak Tani', 0),
(36, 36, 'Labak Tani', 0),
(37, 37, 'Labak Tani', 0),
(38, 38, 'Labak Tani', 0),
(39, 39, 'Labak Tani', 0),
(40, 40, 'Labak Tani', 0),
(41, 41, 'Labak Tani', 0),
(42, 42, 'Labak Tani', 0),
(43, 43, 'Labak Tani', 0),
(44, 44, 'Labak Tani', 0),
(45, 45, 'Labak Tani', 0),
(46, 46, 'Jaya Abadi, UD/Misdi', 0),
(47, 47, 'Jaya Abadi, UD/Misdi', 0),
(48, 48, 'Jaya Abadi, UD/Misdi', 0),
(49, 49, 'Jaya Abadi, UD/Misdi', 0),
(50, 50, 'Jaya Abadi, UD/Misdi', 0),
(51, 51, 'Jaya Abadi, UD/Misdi', 0),
(52, 52, 'Jaya Abadi, UD/Misdi', 0),
(53, 53, 'Jaya Abadi, UD/Misdi', 0),
(54, 54, 'Jaya Abadi, UD/Misdi', 0),
(55, 55, 'Jaya Abadi, UD/Misdi', 0),
(56, 56, 'Jaya Abadi, UD/Misdi', 0),
(57, 57, 'Jaya Abadi, UD/Misdi', 0),
(58, 58, 'Jaya Abadi, UD/Misdi', 0),
(59, 59, 'Jaya Abadi, UD/Misdi', 0),
(60, 60, 'Jaya Abadi, UD/Misdi', 0),
(61, 61, 'Jaya Abadi, UD/Misdi', 0),
(62, 62, 'Jaya Abadi, UD/Misdi', 0),
(63, 63, 'Jaya Abadi, UD/Misdi', 0),
(64, 64, 'Jaya Abadi, UD/Misdi', 0),
(65, 65, 'Jaya Abadi, UD/Misdi', 0),
(66, 66, 'Jaya Abadi, UD/Misdi', 0),
(67, 67, 'Jaya Abadi, UD/Misdi', 0),
(68, 68, 'Jaya Abadi, UD/Misdi', 0),
(69, 69, 'Jaya Abadi, UD/Misdi', 0),
(70, 70, 'Jaya Abadi, UD/Misdi', 0),
(71, 71, 'Jaya Abadi, UD/Misdi', 0),
(72, 72, 'Jaya Abadi, UD/Misdi', 0),
(73, 73, 'Jaya Abadi, UD/Misdi', 0),
(74, 74, 'Jaya Abadi, UD/Misdi', 0),
(75, 75, 'Jaya Abadi, UD/Misdi', 0),
(76, 76, 'Jaya Abadi, UD/Misdi', 0),
(77, 77, 'Jaya Abadi, UD/Misdi', 0),
(78, 78, 'Jaya Abadi, UD/Misdi', 0),
(79, 79, 'Jaya Abadi, UD/Misdi', 0),
(80, 80, 'Jaya Abadi, UD/Misdi', 0),
(81, 81, 'Jaya Abadi, UD/Misdi', 0),
(82, 82, 'Jaya Abadi, UD/Misdi', 0),
(83, 83, 'Jaya Abadi, UD/Misdi', 0),
(84, 84, 'Jaya Abadi, UD/Misdi', 0),
(85, 85, 'Jaya Abadi, UD/Misdi', 0),
(86, 86, 'Jaya Abadi, UD/Misdi', 0),
(87, 87, 'Jaya Abadi, UD/Misdi', 0),
(88, 88, 'Jaya Abadi, UD/Misdi', 0),
(89, 89, 'Jaya Abadi, UD/Misdi', 0),
(90, 90, 'Tani Mulyo/Fatim', 0),
(91, 91, 'Tani Mulyo/Fatim', 0),
(92, 92, 'Tani Mulyo/Fatim', 0),
(93, 93, 'Tani Mulyo/Fatim', 0),
(94, 94, 'Tani Mulyo/Fatim', 0),
(95, 95, 'Tani Mulyo/Fatim', 0),
(96, 96, 'Tani Mulyo/Fatim', 0),
(97, 97, 'Tani Mulyo/Fatim', 0),
(98, 98, 'Tani Mulyo/Fatim', 0),
(99, 99, 'Tani Mulyo/Fatim', 0),
(100, 100, 'Tani Mulyo/Fatim', 0),
(101, 101, 'Tani Mulyo/Fatim', 0),
(102, 102, 'Tani Mulyo/Fatim', 0),
(103, 103, 'Tani Mulyo/Fatim', 0),
(104, 104, 'Tani Mulyo/Fatim', 0),
(105, 105, 'Tani Mulyo/Fatim', 0),
(106, 106, 'Tani Mulyo/Fatim', 0),
(107, 107, 'Tani Mulyo/Fatim', 0),
(108, 108, 'Tani Mulyo/Fatim', 0),
(109, 109, 'Tani Mulyo/Fatim', 0),
(110, 110, 'Tani Mulyo/Fatim', 0),
(111, 111, 'Tani Mulyo/Fatim', 0),
(112, 112, 'Tani Mulyo/Fatim', 0),
(113, 113, 'Tani Mulyo/Fatim', 0),
(114, 114, 'Tani Mulyo/Fatim', 0),
(115, 115, 'Tani Mulyo/Fatim', 0),
(116, 116, 'Tani Mulyo/Fatim', 0),
(117, 117, 'Tani Mulyo/Fatim', 0),
(118, 118, 'Tani Mulyo/Fatim', 0),
(119, 119, 'Tani Mulyo/Fatim', 0),
(120, 120, 'Tani Mulyo/Fatim', 0),
(121, 121, 'Tani Mulyo/Fatim', 0),
(122, 122, 'Tani Mulyo/Fatim', 0),
(123, 123, 'Tani Mulyo/Fatim', 0),
(124, 124, 'Tani Mulyo/Fatim', 0),
(125, 125, 'Tani Mulyo/Fatim', 0),
(126, 126, 'Tani Mulyo/Fatim', 0),
(127, 127, 'Tani Mulyo/Fatim', 0),
(128, 128, 'Tani Mulyo/Fatim', 0),
(129, 129, 'Tani Mulyo/Fatim', 0),
(130, 130, 'Tani Mulyo/Fatim', 0),
(131, 131, 'Tani Mulyo/Fatim', 0),
(132, 132, 'Tani Mulyo/Fatim', 0),
(133, 133, 'Tani Mulyo/Fatim', 0),
(134, 134, 'Mekar Tani/Tunti', 0),
(135, 135, 'Mekar Tani/Tunti', 0),
(136, 136, 'Mekar Tani/Tunti', 0),
(137, 137, 'Mekar Tani/Tunti', 0),
(138, 138, 'Mekar Tani/Tunti', 0),
(139, 139, 'Mekar Tani/Tunti', 0),
(140, 140, 'Mekar Tani/Tunti', 0),
(141, 141, 'Mekar Tani/Tunti', 0),
(142, 142, 'Mekar Tani/Tunti', 0),
(143, 143, 'Mekar Tani/Tunti', 0),
(144, 144, 'Mekar Tani/Tunti', 0),
(145, 145, 'Mekar Tani/Tunti', 0),
(146, 146, 'Mekar Tani/Tunti', 0),
(147, 147, 'Mekar Tani/Tunti', 0),
(148, 148, 'Mekar Tani/Tunti', 0),
(149, 149, 'Mekar Tani/Tunti', 0),
(150, 150, 'Mekar Tani/Tunti', 0),
(151, 151, 'Mekar Tani/Tunti', 0),
(152, 152, 'Mekar Tani/Tunti', 0),
(153, 153, 'Mekar Tani/Tunti', 0),
(154, 154, 'Mekar Tani/Tunti', 0),
(155, 155, 'Mekar Tani/Tunti', 0),
(156, 156, 'Mekar Tani/Tunti', 0),
(157, 157, 'Mekar Tani/Tunti', 0),
(158, 158, 'Mekar Tani/Tunti', 0),
(159, 159, 'Mekar Tani/Tunti', 0),
(160, 160, 'Mekar Tani/Tunti', 0),
(161, 161, 'Mekar Tani/Tunti', 0),
(162, 162, 'Mekar Tani/Tunti', 0),
(163, 163, 'Mekar Tani/Tunti', 0),
(164, 164, 'Mekar Tani/Tunti', 0),
(165, 165, 'Mekar Tani/Tunti', 0),
(166, 166, 'Mekar Tani/Tunti', 0),
(167, 167, 'Mekar Tani/Tunti', 0),
(168, 168, 'Mekar Tani/Tunti', 0),
(169, 169, 'Mekar Tani/Tunti', 0),
(170, 170, 'Mekar Tani/Tunti', 0),
(171, 171, 'Mekar Tani/Tunti', 0),
(172, 172, 'Mekar Tani/Tunti', 0),
(173, 173, 'Mekar Tani/Tunti', 0),
(174, 174, 'Mekar Tani/Tunti', 0),
(175, 175, 'Mekar Tani/Tunti', 0),
(176, 176, 'Mekar Tani/Tunti', 0),
(177, 177, 'Konco Tani/Sukari, H', 0),
(178, 178, 'Konco Tani/Sukari, H', 0),
(179, 179, 'Konco Tani/Sukari, H', 0),
(180, 180, 'Konco Tani/Sukari, H', 0),
(181, 181, 'Konco Tani/Sukari, H', 0),
(182, 182, 'Konco Tani/Sukari, H', 0),
(183, 183, 'Konco Tani/Sukari, H', 0),
(184, 184, 'Konco Tani/Sukari, H', 0),
(185, 185, 'Konco Tani/Sukari, H', 0),
(186, 186, 'Konco Tani/Sukari, H', 0),
(187, 187, 'Konco Tani/Sukari, H', 0),
(188, 188, 'Konco Tani/Sukari, H', 0),
(189, 189, 'Konco Tani/Sukari, H', 0),
(190, 190, 'Konco Tani/Sukari, H', 0),
(191, 191, 'Konco Tani/Sukari, H', 0),
(192, 192, 'Konco Tani/Sukari, H', 0),
(193, 193, 'Konco Tani/Sukari, H', 0),
(194, 194, 'Konco Tani/Sukari, H', 0),
(195, 195, 'Konco Tani/Sukari, H', 0),
(196, 196, 'Konco Tani/Sukari, H', 0),
(197, 197, 'Konco Tani/Sukari, H', 0),
(198, 198, 'Konco Tani/Sukari, H', 0),
(199, 199, 'Konco Tani/Sukari, H', 0),
(200, 200, 'Konco Tani/Sukari, H', 0),
(201, 201, 'Konco Tani/Sukari, H', 0),
(202, 202, 'Konco Tani/Sukari, H', 0),
(203, 203, 'Konco Tani/Sukari, H', 0),
(204, 204, 'Konco Tani/Sukari, H', 0),
(205, 205, 'Konco Tani/Sukari, H', 0),
(206, 206, 'Konco Tani/Sukari, H', 0),
(207, 207, 'Konco Tani/Sukari, H', 0),
(208, 208, 'Konco Tani/Sukari, H', 0),
(209, 209, 'Konco Tani/Sukari, H', 0),
(210, 210, 'Konco Tani/Sukari, H', 0),
(211, 211, 'Konco Tani/Sukari, H', 0),
(212, 212, 'Konco Tani/Sukari, H', 0),
(213, 213, 'Konco Tani/Sukari, H', 0),
(214, 214, 'Konco Tani/Sukari, H', 0),
(215, 215, 'Konco Tani/Sukari, H', 0),
(216, 216, 'Konco Tani/Sukari, H', 0),
(217, 217, 'Konco Tani/Sukari, H', 0),
(218, 218, 'Konco Tani/Sukari, H', 0),
(219, 219, 'Konco Tani/Sukari, H', 0),
(220, 220, 'Sumber Barokah, UD', 0),
(221, 221, 'Sumber Barokah, UD', 0),
(222, 222, 'Sumber Barokah, UD', 0),
(223, 223, 'Sumber Barokah, UD', 0),
(224, 224, 'Sumber Barokah, UD', 0),
(225, 225, 'Sumber Barokah, UD', 0),
(226, 226, 'Sumber Barokah, UD', 0),
(227, 227, 'Sumber Barokah, UD', 0),
(228, 228, 'Sumber Barokah, UD', 0),
(229, 229, 'Sumber Barokah, UD', 0),
(230, 230, 'Sumber Barokah, UD', 0),
(231, 231, 'Sumber Barokah, UD', 0),
(232, 232, 'Sumber Barokah, UD', 0),
(233, 233, 'Sumber Barokah, UD', 0),
(234, 234, 'Sumber Barokah, UD', 0),
(235, 235, 'Sumber Barokah, UD', 0),
(236, 236, 'Sumber Barokah, UD', 0),
(237, 237, 'Sumber Barokah, UD', 0),
(238, 238, 'Sumber Barokah, UD', 0),
(239, 239, 'Sumber Barokah, UD', 0),
(240, 240, 'Sumber Barokah, UD', 0),
(241, 241, 'Sumber Barokah, UD', 0),
(242, 242, 'Sumber Barokah, UD', 0),
(243, 243, 'Sumber Barokah, UD', 0),
(244, 244, 'Sumber Barokah, UD', 0),
(245, 245, 'Sumber Barokah, UD', 0),
(246, 246, 'Sumber Barokah, UD', 0),
(247, 247, 'Sumber Barokah, UD', 0),
(248, 248, 'Sumber Barokah, UD', 0),
(249, 249, 'Sumber Barokah, UD', 0),
(250, 250, 'Sumber Barokah, UD', 0),
(251, 251, 'Sumber Barokah, UD', 0),
(252, 252, 'Sumber Barokah, UD', 0),
(253, 253, 'Sumber Barokah, UD', 0),
(254, 254, 'Sumber Barokah, UD', 0),
(255, 255, 'Sumber Barokah, UD', 0),
(256, 256, 'Sumber Barokah, UD', 0),
(257, 257, 'Sumber Barokah, UD', 0),
(258, 258, 'Sumber Barokah, UD', 0),
(259, 259, 'Sumber Barokah, UD', 0),
(260, 260, 'Sumber Barokah, UD', 0),
(261, 261, 'Sumber Barokah, UD', 0),
(262, 262, 'Sumber Barokah, UD', 0),
(263, 263, 'Sumber Makmur/Henry (Benih)', 0),
(264, 264, 'Sumber Makmur/Henry (Benih)', 0),
(265, 265, 'Sumber Makmur/Henry (Benih)', 0),
(266, 266, 'Sumber Makmur/Henry (Benih)', 0),
(267, 267, 'Sumber Makmur/Henry (Benih)', 0),
(268, 268, 'Sumber Makmur/Henry (Benih)', 0),
(269, 269, 'Sumber Makmur/Henry (Benih)', 0),
(270, 270, 'Sumber Makmur/Henry (Benih)', 0),
(271, 271, 'Sumber Makmur/Henry (Benih)', 0),
(272, 272, 'Sumber Makmur/Henry (Benih)', 0),
(273, 273, 'Sumber Makmur/Henry (Benih)', 0),
(274, 274, 'Sumber Makmur/Henry (Benih)', 0),
(275, 275, 'Sumber Makmur/Henry (Benih)', 0),
(276, 276, 'Sumber Makmur/Henry (Benih)', 0),
(277, 277, 'Sumber Makmur/Henry (Benih)', 0),
(278, 278, 'Sumber Makmur/Henry (Benih)', 0),
(279, 279, 'Sumber Makmur/Henry (Benih)', 0),
(280, 280, 'Sumber Makmur/Henry (Benih)', 0),
(281, 281, 'Sumber Makmur/Henry (Benih)', 0),
(282, 282, 'Sumber Makmur/Henry (Benih)', 0),
(283, 283, 'Sumber Makmur/Henry (Benih)', 0),
(284, 284, 'Sumber Makmur/Henry (Benih)', 0),
(285, 285, 'Sumber Makmur/Henry (Benih)', 0),
(286, 286, 'Sumber Makmur/Henry (Benih)', 0),
(287, 287, 'Sumber Makmur/Henry (Benih)', 0),
(288, 288, 'Sumber Makmur/Henry (Benih)', 0),
(289, 289, 'Sumber Makmur/Henry (Benih)', 0),
(290, 290, 'Sumber Makmur/Henry (Benih)', 0),
(291, 291, 'Sumber Makmur/Henry (Benih)', 0),
(292, 292, 'Sumber Makmur/Henry (Benih)', 0),
(293, 293, 'Sumber Makmur/Henry (Benih)', 0),
(294, 294, 'Sumber Makmur/Henry (Benih)', 0),
(295, 295, 'Sumber Makmur/Henry (Benih)', 0),
(296, 296, 'Sumber Makmur/Henry (Benih)', 0),
(297, 297, 'Sumber Makmur/Henry (Benih)', 0),
(298, 298, 'Sumber Makmur/Henry (Benih)', 0),
(299, 299, 'Sumber Makmur/Henry (Benih)', 0),
(300, 300, 'Sumber Makmur/Henry (Benih)', 0),
(301, 301, 'Sumber Makmur/Henry (Benih)', 0),
(302, 302, 'Sumber Makmur/Henry (Benih)', 0),
(303, 303, 'Sumber Makmur/Henry (Benih)', 0),
(304, 304, 'Sumber Makmur/Henry (Benih)', 0),
(305, 305, 'Artha Mandiri', 0),
(306, 306, 'Artha Mandiri', 0),
(307, 307, 'Artha Mandiri', 0),
(308, 308, 'Artha Mandiri', 0),
(309, 309, 'Artha Mandiri', 0),
(310, 310, 'Artha Mandiri', 0),
(311, 311, 'Artha Mandiri', 0),
(312, 312, 'Artha Mandiri', 0),
(313, 313, 'Artha Mandiri', 0),
(314, 314, 'Artha Mandiri', 0),
(315, 315, 'Artha Mandiri', 0),
(316, 316, 'Artha Mandiri', 0),
(317, 317, 'Artha Mandiri', 0),
(318, 318, 'Artha Mandiri', 0),
(319, 319, 'Artha Mandiri', 0),
(320, 320, 'Artha Mandiri', 0),
(321, 321, 'Artha Mandiri', 0),
(322, 322, 'Artha Mandiri', 0),
(323, 323, 'Artha Mandiri', 0),
(324, 324, 'Artha Mandiri', 0),
(325, 325, 'Artha Mandiri', 0),
(326, 326, 'Artha Mandiri', 0),
(327, 327, 'Artha Mandiri', 0),
(328, 328, 'Artha Mandiri', 0),
(329, 329, 'Artha Mandiri', 0),
(330, 330, 'Artha Mandiri', 0),
(331, 331, 'Artha Mandiri', 0),
(332, 332, 'Artha Mandiri', 0),
(333, 333, 'Artha Mandiri', 0),
(334, 334, 'Artha Mandiri', 0),
(335, 335, 'Artha Mandiri', 0),
(336, 336, 'Artha Mandiri', 0),
(337, 337, 'Artha Mandiri', 0),
(338, 338, 'Artha Mandiri', 0),
(339, 339, 'Artha Mandiri', 0),
(340, 340, 'Artha Mandiri', 0),
(341, 341, 'Artha Mandiri', 0),
(342, 342, 'Artha Mandiri', 0),
(343, 343, 'Artha Mandiri', 0),
(344, 344, 'Artha Mandiri', 0),
(345, 345, 'Artha Mandiri', 0),
(346, 346, 'Artha Mandiri', 0),
(347, 347, 'Berkat Tani/Benny', 0),
(348, 348, 'Berkat Tani/Benny', 0),
(349, 349, 'Berkat Tani/Benny', 0),
(350, 350, 'Berkat Tani/Benny', 0),
(351, 351, 'Berkat Tani/Benny', 0),
(352, 352, 'Berkat Tani/Benny', 0),
(353, 353, 'Berkat Tani/Benny', 0),
(354, 354, 'Berkat Tani/Benny', 0),
(355, 355, 'Berkat Tani/Benny', 0),
(356, 356, 'Berkat Tani/Benny', 0),
(357, 357, 'Berkat Tani/Benny', 0),
(358, 358, 'Berkat Tani/Benny', 0),
(359, 359, 'Berkat Tani/Benny', 0),
(360, 360, 'Berkat Tani/Benny', 0),
(361, 361, 'Berkat Tani/Benny', 0),
(362, 362, 'Berkat Tani/Benny', 0),
(363, 363, 'Berkat Tani/Benny', 0),
(364, 364, 'Berkat Tani/Benny', 0),
(365, 365, 'Berkat Tani/Benny', 0),
(366, 366, 'Berkat Tani/Benny', 0),
(367, 367, 'Berkat Tani/Benny', 0),
(368, 368, 'Berkat Tani/Benny', 0),
(369, 369, 'Berkat Tani/Benny', 0),
(370, 370, 'Berkat Tani/Benny', 0),
(371, 371, 'Berkat Tani/Benny', 0),
(372, 372, 'Berkat Tani/Benny', 0),
(373, 373, 'Berkat Tani/Benny', 0),
(374, 374, 'Berkat Tani/Benny', 0),
(375, 375, 'Berkat Tani/Benny', 0),
(376, 376, 'Berkat Tani/Benny', 0),
(377, 377, 'Berkat Tani/Benny', 0),
(378, 378, 'Berkat Tani/Benny', 0),
(379, 379, 'Berkat Tani/Benny', 0),
(380, 380, 'Berkat Tani/Benny', 0),
(381, 381, 'Berkat Tani/Benny', 0),
(382, 382, 'Berkat Tani/Benny', 0),
(383, 383, 'Berkat Tani/Benny', 0),
(384, 384, 'Berkat Tani/Benny', 0),
(385, 385, 'Berkat Tani/Benny', 0),
(386, 386, 'Berkat Tani/Benny', 0),
(387, 387, 'Berkat Tani/Benny', 0),
(388, 388, 'Kusuma Agro', 0),
(389, 389, 'Kusuma Agro', 0),
(390, 390, 'Kusuma Agro', 0),
(391, 391, 'Kusuma Agro', 0),
(392, 392, 'Kusuma Agro', 0),
(393, 393, 'Kusuma Agro', 0),
(394, 394, 'Kusuma Agro', 0),
(395, 395, 'Kusuma Agro', 0),
(396, 396, 'Kusuma Agro', 0),
(397, 397, 'Kusuma Agro', 0),
(398, 398, 'Kusuma Agro', 0),
(399, 399, 'Kusuma Agro', 0),
(400, 400, 'Kusuma Agro', 0),
(401, 401, 'Kusuma Agro', 0),
(402, 402, 'Kusuma Agro', 0),
(403, 403, 'Kusuma Agro', 0),
(404, 404, 'Kusuma Agro', 0),
(405, 405, 'Kusuma Agro', 0),
(406, 406, 'Kusuma Agro', 0),
(407, 407, 'Kusuma Agro', 0),
(408, 408, 'Kusuma Agro', 0),
(409, 409, 'Kusuma Agro', 0),
(410, 410, 'Kusuma Agro', 0),
(411, 411, 'Kusuma Agro', 0),
(412, 412, 'Kusuma Agro', 0),
(413, 413, 'Kusuma Agro', 0),
(414, 414, 'Kusuma Agro', 0),
(415, 415, 'Kusuma Agro', 0),
(416, 416, 'Kusuma Agro', 0),
(417, 417, 'Kusuma Agro', 0),
(418, 418, 'Kusuma Agro', 0),
(419, 419, 'Kusuma Agro', 0),
(420, 420, 'Kusuma Agro', 0),
(421, 421, 'Kusuma Agro', 0),
(422, 422, 'Kusuma Agro', 0),
(423, 423, 'Kusuma Agro', 0),
(424, 424, 'Kusuma Agro', 0),
(425, 425, 'Kusuma Agro', 0),
(426, 426, 'Kusuma Agro', 0),
(427, 427, 'Kusuma Agro', 0),
(428, 428, 'Sumber Makmur/Mahrus', 0),
(429, 429, 'Sumber Makmur/Mahrus', 0),
(430, 430, 'Sumber Makmur/Mahrus', 0),
(431, 431, 'Sumber Makmur/Mahrus', 0),
(432, 432, 'Sumber Makmur/Mahrus', 0),
(433, 433, 'Sumber Makmur/Mahrus', 0),
(434, 434, 'Sumber Makmur/Mahrus', 0),
(435, 435, 'Sumber Makmur/Mahrus', 0),
(436, 436, 'Sumber Makmur/Mahrus', 0),
(437, 437, 'Sumber Makmur/Mahrus', 0),
(438, 438, 'Sumber Makmur/Mahrus', 0),
(439, 439, 'Sumber Makmur/Mahrus', 0),
(440, 440, 'Sumber Makmur/Mahrus', 0),
(441, 441, 'Sumber Makmur/Mahrus', 0),
(442, 442, 'Sumber Makmur/Mahrus', 0),
(443, 443, 'Sumber Makmur/Mahrus', 0),
(444, 444, 'Sumber Makmur/Mahrus', 0),
(445, 445, 'Sumber Makmur/Mahrus', 0),
(446, 446, 'Sumber Makmur/Mahrus', 0),
(447, 447, 'Sumber Makmur/Mahrus', 0),
(448, 448, 'Sumber Makmur/Mahrus', 0),
(449, 449, 'Sumber Makmur/Mahrus', 0),
(450, 450, 'Sumber Makmur/Mahrus', 0),
(451, 451, 'Sumber Makmur/Mahrus', 0),
(452, 452, 'Sumber Makmur/Mahrus', 0),
(453, 453, 'Sumber Makmur/Mahrus', 0),
(454, 454, 'Sumber Makmur/Mahrus', 0),
(455, 455, 'Sumber Makmur/Mahrus', 0),
(456, 456, 'Sumber Makmur/Mahrus', 0),
(457, 457, 'Sumber Makmur/Mahrus', 0),
(458, 458, 'Sumber Makmur/Mahrus', 0),
(459, 459, 'Sumber Makmur/Mahrus', 0),
(460, 460, 'Sumber Makmur/Mahrus', 0),
(461, 461, 'Sumber Makmur/Mahrus', 0),
(462, 462, 'Sumber Makmur/Mahrus', 0),
(463, 463, 'Sumber Makmur/Mahrus', 0),
(464, 464, 'Sumber Makmur/Mahrus', 0),
(465, 465, 'Sumber Makmur/Mahrus', 0),
(466, 466, 'Sumber Makmur/Mahrus', 0),
(467, 467, 'Sumber Tani/Kudhori', 0),
(468, 468, 'Sumber Tani/Kudhori', 0),
(469, 469, 'Sumber Tani/Kudhori', 0),
(470, 470, 'Sumber Tani/Kudhori', 0),
(471, 471, 'Sumber Tani/Kudhori', 0),
(472, 472, 'Sumber Tani/Kudhori', 0),
(473, 473, 'Sumber Tani/Kudhori', 0),
(474, 474, 'Sumber Tani/Kudhori', 0),
(475, 475, 'Sumber Tani/Kudhori', 0),
(476, 476, 'Sumber Tani/Kudhori', 0),
(477, 477, 'Sumber Tani/Kudhori', 0),
(478, 478, 'Sumber Tani/Kudhori', 0),
(479, 479, 'Sumber Tani/Kudhori', 0),
(480, 480, 'Sumber Tani/Kudhori', 0),
(481, 481, 'Sumber Tani/Kudhori', 0),
(482, 482, 'Sumber Tani/Kudhori', 0),
(483, 483, 'Sumber Tani/Kudhori', 0),
(484, 484, 'Sumber Tani/Kudhori', 0),
(485, 485, 'Sumber Tani/Kudhori', 0),
(486, 486, 'Sumber Tani/Kudhori', 0),
(487, 487, 'Sumber Tani/Kudhori', 0),
(488, 488, 'Sumber Tani/Kudhori', 0),
(489, 489, 'Sumber Tani/Kudhori', 0),
(490, 490, 'Sumber Tani/Kudhori', 0),
(491, 491, 'Sumber Tani/Kudhori', 0),
(492, 492, 'Sumber Tani/Kudhori', 0),
(493, 493, 'Sumber Tani/Kudhori', 0),
(494, 494, 'Sumber Tani/Kudhori', 0),
(495, 495, 'Sumber Tani/Kudhori', 0),
(496, 496, 'Sumber Tani/Kudhori', 0),
(497, 497, 'Sumber Tani/Kudhori', 0),
(498, 498, 'Sumber Tani/Kudhori', 0),
(499, 499, 'Sumber Tani/Kudhori', 0),
(500, 500, 'Sumber Tani/Kudhori', 0),
(501, 501, 'Sumber Tani/Kudhori', 0),
(502, 502, 'Sumber Tani/Kudhori', 0),
(503, 503, 'Sumber Tani/Kudhori', 0),
(504, 504, 'Sumber Tani/Kudhori', 0),
(505, 505, 'Sandira Agro Mandiri', 0),
(506, 506, 'Sandira Agro Mandiri', 0),
(507, 507, 'Sandira Agro Mandiri', 0),
(508, 508, 'Sandira Agro Mandiri', 0),
(509, 509, 'Sandira Agro Mandiri', 0),
(510, 510, 'Sandira Agro Mandiri', 0),
(511, 511, 'Sandira Agro Mandiri', 0),
(512, 512, 'Sandira Agro Mandiri', 0),
(513, 513, 'Sandira Agro Mandiri', 0),
(514, 514, 'Sandira Agro Mandiri', 0),
(515, 515, 'Sandira Agro Mandiri', 0),
(516, 516, 'Sandira Agro Mandiri', 0),
(517, 517, 'Sandira Agro Mandiri', 0),
(518, 518, 'Sandira Agro Mandiri', 0),
(519, 519, 'Sandira Agro Mandiri', 0),
(520, 520, 'Sandira Agro Mandiri', 0),
(521, 521, 'Sandira Agro Mandiri', 0),
(522, 522, 'Sandira Agro Mandiri', 0),
(523, 523, 'Sandira Agro Mandiri', 0),
(524, 524, 'Sandira Agro Mandiri', 0),
(525, 525, 'Sandira Agro Mandiri', 0),
(526, 526, 'Sandira Agro Mandiri', 0),
(527, 527, 'Sandira Agro Mandiri', 0),
(528, 528, 'Sandira Agro Mandiri', 0),
(529, 529, 'Sandira Agro Mandiri', 0),
(530, 530, 'Sandira Agro Mandiri', 0),
(531, 531, 'Sandira Agro Mandiri', 0),
(532, 532, 'Sandira Agro Mandiri', 0),
(533, 533, 'Sandira Agro Mandiri', 0),
(534, 534, 'Sandira Agro Mandiri', 0),
(535, 535, 'Sandira Agro Mandiri', 0),
(536, 536, 'Sandira Agro Mandiri', 0),
(537, 537, 'Sandira Agro Mandiri', 0),
(538, 538, 'Sandira Agro Mandiri', 0),
(539, 539, 'Sandira Agro Mandiri', 0),
(540, 540, 'Sandira Agro Mandiri', 0),
(541, 541, 'Sandira Agro Mandiri', 0),
(542, 542, 'Sandira Agro Mandiri', 0),
(543, 543, 'Mahkota Agro/Jumain', 0),
(544, 544, 'Mahkota Agro/Jumain', 0),
(545, 545, 'Mahkota Agro/Jumain', 0),
(546, 546, 'Mahkota Agro/Jumain', 0),
(547, 547, 'Mahkota Agro/Jumain', 0),
(548, 548, 'Mahkota Agro/Jumain', 0),
(549, 549, 'Mahkota Agro/Jumain', 0),
(550, 550, 'Mahkota Agro/Jumain', 0),
(551, 551, 'Mahkota Agro/Jumain', 0),
(552, 552, 'Mahkota Agro/Jumain', 0),
(553, 553, 'Mahkota Agro/Jumain', 0),
(554, 554, 'Mahkota Agro/Jumain', 0),
(555, 555, 'Mahkota Agro/Jumain', 0),
(556, 556, 'Mahkota Agro/Jumain', 0),
(557, 557, 'Mahkota Agro/Jumain', 0),
(558, 558, 'Mahkota Agro/Jumain', 0),
(559, 559, 'Mahkota Agro/Jumain', 0),
(560, 560, 'Mahkota Agro/Jumain', 0),
(561, 561, 'Mahkota Agro/Jumain', 0),
(562, 562, 'Mahkota Agro/Jumain', 0),
(563, 563, 'Mahkota Agro/Jumain', 0),
(564, 564, 'Mahkota Agro/Jumain', 0),
(565, 565, 'Mahkota Agro/Jumain', 0),
(566, 566, 'Mahkota Agro/Jumain', 0),
(567, 567, 'Mahkota Agro/Jumain', 0),
(568, 568, 'Mahkota Agro/Jumain', 0),
(569, 569, 'Mahkota Agro/Jumain', 0),
(570, 570, 'Mahkota Agro/Jumain', 0),
(571, 571, 'Mahkota Agro/Jumain', 0),
(572, 572, 'Mahkota Agro/Jumain', 0),
(573, 573, 'Mahkota Agro/Jumain', 0),
(574, 574, 'Mahkota Agro/Jumain', 0),
(575, 575, 'Mahkota Agro/Jumain', 0),
(576, 576, 'Mahkota Agro/Jumain', 0),
(577, 577, 'Mahkota Agro/Jumain', 0),
(578, 578, 'Mahkota Agro/Jumain', 0),
(579, 579, 'Mahkota Agro/Jumain', 0),
(580, 580, 'Mahkota Agro/Jumain', 0),
(581, 581, 'Sedulur Tani/Ruswantoro', 0),
(582, 582, 'Sedulur Tani/Ruswantoro', 0),
(583, 583, 'Sedulur Tani/Ruswantoro', 0),
(584, 584, 'Sedulur Tani/Ruswantoro', 0),
(585, 585, 'Sedulur Tani/Ruswantoro', 0),
(586, 586, 'Sedulur Tani/Ruswantoro', 0),
(587, 587, 'Sedulur Tani/Ruswantoro', 0),
(588, 588, 'Sedulur Tani/Ruswantoro', 0),
(589, 589, 'Sedulur Tani/Ruswantoro', 0),
(590, 590, 'Sedulur Tani/Ruswantoro', 0),
(591, 591, 'Sedulur Tani/Ruswantoro', 0),
(592, 592, 'Sedulur Tani/Ruswantoro', 0),
(593, 593, 'Sedulur Tani/Ruswantoro', 0),
(594, 594, 'Sedulur Tani/Ruswantoro', 0),
(595, 595, 'Sedulur Tani/Ruswantoro', 0),
(596, 596, 'Sedulur Tani/Ruswantoro', 0),
(597, 597, 'Sedulur Tani/Ruswantoro', 0),
(598, 598, 'Sedulur Tani/Ruswantoro', 0),
(599, 599, 'Sedulur Tani/Ruswantoro', 0),
(600, 600, 'Sedulur Tani/Ruswantoro', 0),
(601, 601, 'Sedulur Tani/Ruswantoro', 0),
(602, 602, 'Sedulur Tani/Ruswantoro', 0),
(603, 603, 'Sedulur Tani/Ruswantoro', 0),
(604, 604, 'Sedulur Tani/Ruswantoro', 0),
(605, 605, 'Sedulur Tani/Ruswantoro', 0),
(606, 606, 'Sedulur Tani/Ruswantoro', 0),
(607, 607, 'Sedulur Tani/Ruswantoro', 0),
(608, 608, 'Sedulur Tani/Ruswantoro', 0),
(609, 609, 'Sedulur Tani/Ruswantoro', 0),
(610, 610, 'Sedulur Tani/Ruswantoro', 0),
(611, 611, 'Sedulur Tani/Ruswantoro', 0),
(612, 612, 'Sedulur Tani/Ruswantoro', 0),
(613, 613, 'Sedulur Tani/Ruswantoro', 0),
(614, 614, 'Sedulur Tani/Ruswantoro', 0),
(615, 615, 'Sedulur Tani/Ruswantoro', 0),
(616, 616, 'Sedulur Tani/Ruswantoro', 0),
(617, 617, 'Sedulur Tani/Ruswantoro', 0),
(618, 618, 'Setia Hati, Toko', 0),
(619, 619, 'Setia Hati, Toko', 0),
(620, 620, 'Setia Hati, Toko', 0),
(621, 621, 'Setia Hati, Toko', 0),
(622, 622, 'Setia Hati, Toko', 0),
(623, 623, 'Setia Hati, Toko', 0),
(624, 624, 'Setia Hati, Toko', 0),
(625, 625, 'Setia Hati, Toko', 0),
(626, 626, 'Setia Hati, Toko', 0),
(627, 627, 'Setia Hati, Toko', 0),
(628, 628, 'Setia Hati, Toko', 0),
(629, 629, 'Setia Hati, Toko', 0),
(630, 630, 'Setia Hati, Toko', 0),
(631, 631, 'Setia Hati, Toko', 0),
(632, 632, 'Setia Hati, Toko', 0),
(633, 633, 'Setia Hati, Toko', 0),
(634, 634, 'Setia Hati, Toko', 0),
(635, 635, 'Setia Hati, Toko', 0),
(636, 636, 'Setia Hati, Toko', 0),
(637, 637, 'Setia Hati, Toko', 0),
(638, 638, 'Setia Hati, Toko', 0),
(639, 639, 'Setia Hati, Toko', 0),
(640, 640, 'Setia Hati, Toko', 0),
(641, 641, 'Setia Hati, Toko', 0),
(642, 642, 'Setia Hati, Toko', 0),
(643, 643, 'Setia Hati, Toko', 0),
(644, 644, 'Setia Hati, Toko', 0),
(645, 645, 'Setia Hati, Toko', 0),
(646, 646, 'Setia Hati, Toko', 0),
(647, 647, 'Setia Hati, Toko', 0),
(648, 648, 'Setia Hati, Toko', 0),
(649, 649, 'Setia Hati, Toko', 0),
(650, 650, 'Setia Hati, Toko', 0),
(651, 651, 'Setia Hati, Toko', 0),
(652, 652, 'Setia Hati, Toko', 0),
(653, 653, 'Setia Hati, Toko', 0),
(654, 654, 'Suci Murni/Tony', 0),
(655, 655, 'Suci Murni/Tony', 0),
(656, 656, 'Suci Murni/Tony', 0),
(657, 657, 'Suci Murni/Tony', 0),
(658, 658, 'Suci Murni/Tony', 0),
(659, 659, 'Suci Murni/Tony', 0),
(660, 660, 'Suci Murni/Tony', 0),
(661, 661, 'Suci Murni/Tony', 0),
(662, 662, 'Suci Murni/Tony', 0),
(663, 663, 'Suci Murni/Tony', 0),
(664, 664, 'Suci Murni/Tony', 0),
(665, 665, 'Suci Murni/Tony', 0),
(666, 666, 'Suci Murni/Tony', 0),
(667, 667, 'Suci Murni/Tony', 0),
(668, 668, 'Suci Murni/Tony', 0),
(669, 669, 'Suci Murni/Tony', 0),
(670, 670, 'Suci Murni/Tony', 0),
(671, 671, 'Suci Murni/Tony', 0),
(672, 672, 'Suci Murni/Tony', 0),
(673, 673, 'Suci Murni/Tony', 0),
(674, 674, 'Suci Murni/Tony', 0),
(675, 675, 'Suci Murni/Tony', 0),
(676, 676, 'Suci Murni/Tony', 0),
(677, 677, 'Suci Murni/Tony', 0),
(678, 678, 'Suci Murni/Tony', 0),
(679, 679, 'Suci Murni/Tony', 0),
(680, 680, 'Suci Murni/Tony', 0),
(681, 681, 'Suci Murni/Tony', 0),
(682, 682, 'Suci Murni/Tony', 0),
(683, 683, 'Suci Murni/Tony', 0),
(684, 684, 'Suci Murni/Tony', 0),
(685, 685, 'Suci Murni/Tony', 0),
(686, 686, 'Suci Murni/Tony', 0),
(687, 687, 'Suci Murni/Tony', 0),
(688, 688, 'Suci Murni/Tony', 0),
(689, 689, 'Suci Murni/Tony', 0),
(690, 690, 'Alvin Tani/Toha', 0),
(691, 691, 'Alvin Tani/Toha', 0),
(692, 692, 'Alvin Tani/Toha', 0),
(693, 693, 'Alvin Tani/Toha', 0),
(694, 694, 'Alvin Tani/Toha', 0),
(695, 695, 'Alvin Tani/Toha', 0),
(696, 696, 'Alvin Tani/Toha', 0),
(697, 697, 'Alvin Tani/Toha', 0),
(698, 698, 'Alvin Tani/Toha', 0),
(699, 699, 'Alvin Tani/Toha', 0),
(700, 700, 'Alvin Tani/Toha', 0),
(701, 701, 'Alvin Tani/Toha', 0),
(702, 702, 'Alvin Tani/Toha', 0),
(703, 703, 'Alvin Tani/Toha', 0),
(704, 704, 'Alvin Tani/Toha', 0),
(705, 705, 'Alvin Tani/Toha', 0),
(706, 706, 'Alvin Tani/Toha', 0),
(707, 707, 'Alvin Tani/Toha', 0),
(708, 708, 'Alvin Tani/Toha', 0),
(709, 709, 'Alvin Tani/Toha', 0),
(710, 710, 'Alvin Tani/Toha', 0),
(711, 711, 'Alvin Tani/Toha', 0),
(712, 712, 'Alvin Tani/Toha', 0),
(713, 713, 'Alvin Tani/Toha', 0),
(714, 714, 'Alvin Tani/Toha', 0),
(715, 715, 'Alvin Tani/Toha', 0),
(716, 716, 'Alvin Tani/Toha', 0),
(717, 717, 'Alvin Tani/Toha', 0),
(718, 718, 'Alvin Tani/Toha', 0),
(719, 719, 'Alvin Tani/Toha', 0),
(720, 720, 'Alvin Tani/Toha', 0),
(721, 721, 'Alvin Tani/Toha', 0),
(722, 722, 'Alvin Tani/Toha', 0),
(723, 723, 'Alvin Tani/Toha', 0),
(724, 724, 'Alvin Tani/Toha', 0),
(725, 725, 'Alvin Tani/Toha', 0),
(726, 726, 'Mitra Tani/Eko Susanto', 0),
(727, 727, 'Mitra Tani/Eko Susanto', 0),
(728, 728, 'Mitra Tani/Eko Susanto', 0),
(729, 729, 'Mitra Tani/Eko Susanto', 0),
(730, 730, 'Mitra Tani/Eko Susanto', 0),
(731, 731, 'Mitra Tani/Eko Susanto', 0),
(732, 732, 'Mitra Tani/Eko Susanto', 0),
(733, 733, 'Mitra Tani/Eko Susanto', 0),
(734, 734, 'Mitra Tani/Eko Susanto', 0),
(735, 735, 'Mitra Tani/Eko Susanto', 0),
(736, 736, 'Mitra Tani/Eko Susanto', 0),
(737, 737, 'Mitra Tani/Eko Susanto', 0),
(738, 738, 'Mitra Tani/Eko Susanto', 0),
(739, 739, 'Mitra Tani/Eko Susanto', 0),
(740, 740, 'Mitra Tani/Eko Susanto', 0),
(741, 741, 'Mitra Tani/Eko Susanto', 0),
(742, 742, 'Mitra Tani/Eko Susanto', 0),
(743, 743, 'Mitra Tani/Eko Susanto', 0),
(744, 744, 'Mitra Tani/Eko Susanto', 0),
(745, 745, 'Mitra Tani/Eko Susanto', 0),
(746, 746, 'Mitra Tani/Eko Susanto', 0),
(747, 747, 'Mitra Tani/Eko Susanto', 0),
(748, 748, 'Mitra Tani/Eko Susanto', 0),
(749, 749, 'Mitra Tani/Eko Susanto', 0),
(750, 750, 'Mitra Tani/Eko Susanto', 0),
(751, 751, 'Mitra Tani/Eko Susanto', 0),
(752, 752, 'Mitra Tani/Eko Susanto', 0),
(753, 753, 'Mitra Tani/Eko Susanto', 0),
(754, 754, 'Mitra Tani/Eko Susanto', 0),
(755, 755, 'Mitra Tani/Eko Susanto', 0),
(756, 756, 'Mitra Tani/Eko Susanto', 0),
(757, 757, 'Mitra Tani/Eko Susanto', 0),
(758, 758, 'Mitra Tani/Eko Susanto', 0),
(759, 759, 'Mitra Tani/Eko Susanto', 0),
(760, 760, 'Mitra Tani/Eko Susanto', 0),
(761, 761, 'Mulyo Tani/Ryan', 0),
(762, 762, 'Mulyo Tani/Ryan', 0),
(763, 763, 'Mulyo Tani/Ryan', 0),
(764, 764, 'Mulyo Tani/Ryan', 0),
(765, 765, 'Mulyo Tani/Ryan', 0),
(766, 766, 'Mulyo Tani/Ryan', 0),
(767, 767, 'Mulyo Tani/Ryan', 0),
(768, 768, 'Mulyo Tani/Ryan', 0),
(769, 769, 'Mulyo Tani/Ryan', 0),
(770, 770, 'Mulyo Tani/Ryan', 0),
(771, 771, 'Mulyo Tani/Ryan', 0),
(772, 772, 'Mulyo Tani/Ryan', 0),
(773, 773, 'Mulyo Tani/Ryan', 0),
(774, 774, 'Mulyo Tani/Ryan', 0),
(775, 775, 'Mulyo Tani/Ryan', 0),
(776, 776, 'Mulyo Tani/Ryan', 0),
(777, 777, 'Mulyo Tani/Ryan', 0),
(778, 778, 'Mulyo Tani/Ryan', 0),
(779, 779, 'Mulyo Tani/Ryan', 0),
(780, 780, 'Mulyo Tani/Ryan', 0),
(781, 781, 'Mulyo Tani/Ryan', 0),
(782, 782, 'Mulyo Tani/Ryan', 0),
(783, 783, 'Mulyo Tani/Ryan', 0),
(784, 784, 'Mulyo Tani/Ryan', 0),
(785, 785, 'Mulyo Tani/Ryan', 0),
(786, 786, 'Mulyo Tani/Ryan', 0),
(787, 787, 'Mulyo Tani/Ryan', 0),
(788, 788, 'Mulyo Tani/Ryan', 0),
(789, 789, 'Mulyo Tani/Ryan', 0),
(790, 790, 'Mulyo Tani/Ryan', 0),
(791, 791, 'Mulyo Tani/Ryan', 0),
(792, 792, 'Mulyo Tani/Ryan', 0),
(793, 793, 'Mulyo Tani/Ryan', 0),
(794, 794, 'Mulyo Tani/Ryan', 0),
(795, 795, 'Mulyo Tani/Ryan', 0),
(796, 796, 'Fathur Roziq', 0),
(797, 797, 'Fathur Roziq', 0),
(798, 798, 'Fathur Roziq', 0),
(799, 799, 'Fathur Roziq', 0),
(800, 800, 'Fathur Roziq', 0),
(801, 801, 'Fathur Roziq', 0),
(802, 802, 'Fathur Roziq', 0),
(803, 803, 'Fathur Roziq', 0),
(804, 804, 'Fathur Roziq', 0),
(805, 805, 'Fathur Roziq', 0),
(806, 806, 'Fathur Roziq', 0),
(807, 807, 'Fathur Roziq', 0),
(808, 808, 'Fathur Roziq', 0),
(809, 809, 'Fathur Roziq', 0),
(810, 810, 'Fathur Roziq', 0),
(811, 811, 'Fathur Roziq', 0),
(812, 812, 'Fathur Roziq', 0),
(813, 813, 'Fathur Roziq', 0),
(814, 814, 'Fathur Roziq', 0),
(815, 815, 'Fathur Roziq', 0),
(816, 816, 'Fathur Roziq', 0),
(817, 817, 'Fathur Roziq', 0),
(818, 818, 'Fathur Roziq', 0),
(819, 819, 'Fathur Roziq', 0),
(820, 820, 'Fathur Roziq', 0),
(821, 821, 'Fathur Roziq', 0),
(822, 822, 'Fathur Roziq', 0),
(823, 823, 'Fathur Roziq', 0),
(824, 824, 'Fathur Roziq', 0),
(825, 825, 'Fathur Roziq', 0),
(826, 826, 'Fathur Roziq', 0),
(827, 827, 'Fathur Roziq', 0),
(828, 828, 'Fathur Roziq', 0),
(829, 829, 'Fathur Roziq', 0),
(830, 830, 'Tunas Abadi/Sujarwo', 0),
(831, 831, 'Tunas Abadi/Sujarwo', 0),
(832, 832, 'Tunas Abadi/Sujarwo', 0),
(833, 833, 'Tunas Abadi/Sujarwo', 0),
(834, 834, 'Tunas Abadi/Sujarwo', 0),
(835, 835, 'Tunas Abadi/Sujarwo', 0),
(836, 836, 'Tunas Abadi/Sujarwo', 0),
(837, 837, 'Tunas Abadi/Sujarwo', 0),
(838, 838, 'Tunas Abadi/Sujarwo', 0),
(839, 839, 'Tunas Abadi/Sujarwo', 0),
(840, 840, 'Tunas Abadi/Sujarwo', 0),
(841, 841, 'Tunas Abadi/Sujarwo', 0),
(842, 842, 'Tunas Abadi/Sujarwo', 0),
(843, 843, 'Tunas Abadi/Sujarwo', 0),
(844, 844, 'Tunas Abadi/Sujarwo', 0),
(845, 845, 'Tunas Abadi/Sujarwo', 0),
(846, 846, 'Tunas Abadi/Sujarwo', 0),
(847, 847, 'Tunas Abadi/Sujarwo', 0),
(848, 848, 'Tunas Abadi/Sujarwo', 0),
(849, 849, 'Tunas Abadi/Sujarwo', 0),
(850, 850, 'Tunas Abadi/Sujarwo', 0),
(851, 851, 'Tunas Abadi/Sujarwo', 0),
(852, 852, 'Tunas Abadi/Sujarwo', 0),
(853, 853, 'Tunas Abadi/Sujarwo', 0),
(854, 854, 'Tunas Abadi/Sujarwo', 0),
(855, 855, 'Tunas Abadi/Sujarwo', 0),
(856, 856, 'Tunas Abadi/Sujarwo', 0),
(857, 857, 'Tunas Abadi/Sujarwo', 0),
(858, 858, 'Tunas Abadi/Sujarwo', 0),
(859, 859, 'Tunas Abadi/Sujarwo', 0),
(860, 860, 'Tunas Abadi/Sujarwo', 0),
(861, 861, 'Tunas Abadi/Sujarwo', 0),
(862, 862, 'Tunas Abadi/Sujarwo', 0),
(863, 863, 'Podo Tani/Supri', 0),
(864, 864, 'Podo Tani/Supri', 0),
(865, 865, 'Podo Tani/Supri', 0),
(866, 866, 'Podo Tani/Supri', 0),
(867, 867, 'Podo Tani/Supri', 0),
(868, 868, 'Podo Tani/Supri', 0),
(869, 869, 'Podo Tani/Supri', 0),
(870, 870, 'Podo Tani/Supri', 0),
(871, 871, 'Podo Tani/Supri', 0),
(872, 872, 'Podo Tani/Supri', 0),
(873, 873, 'Podo Tani/Supri', 0),
(874, 874, 'Podo Tani/Supri', 0),
(875, 875, 'Podo Tani/Supri', 0),
(876, 876, 'Podo Tani/Supri', 0),
(877, 877, 'Podo Tani/Supri', 0),
(878, 878, 'Podo Tani/Supri', 0),
(879, 879, 'Podo Tani/Supri', 0),
(880, 880, 'Podo Tani/Supri', 0),
(881, 881, 'Podo Tani/Supri', 0),
(882, 882, 'Podo Tani/Supri', 0),
(883, 883, 'Podo Tani/Supri', 0),
(884, 884, 'Podo Tani/Supri', 0),
(885, 885, 'Podo Tani/Supri', 0),
(886, 886, 'Podo Tani/Supri', 0),
(887, 887, 'Podo Tani/Supri', 0),
(888, 888, 'Podo Tani/Supri', 0),
(889, 889, 'Podo Tani/Supri', 0),
(890, 890, 'Podo Tani/Supri', 0),
(891, 891, 'Podo Tani/Supri', 0),
(892, 892, 'Podo Tani/Supri', 0),
(893, 893, 'Podo Tani/Supri', 0),
(894, 894, 'Podo Tani/Supri', 0),
(895, 895, 'Podo Tani/Supri', 0),
(896, 896, 'Rejeki Tani/Sulantrini', 0),
(897, 897, 'Rejeki Tani/Sulantrini', 0),
(898, 898, 'Rejeki Tani/Sulantrini', 0),
(899, 899, 'Rejeki Tani/Sulantrini', 0),
(900, 900, 'Rejeki Tani/Sulantrini', 0),
(901, 901, 'Rejeki Tani/Sulantrini', 0),
(902, 902, 'Rejeki Tani/Sulantrini', 0),
(903, 903, 'Rejeki Tani/Sulantrini', 0),
(904, 904, 'Rejeki Tani/Sulantrini', 0),
(905, 905, 'Rejeki Tani/Sulantrini', 0),
(906, 906, 'Rejeki Tani/Sulantrini', 0),
(907, 907, 'Rejeki Tani/Sulantrini', 0),
(908, 908, 'Rejeki Tani/Sulantrini', 0),
(909, 909, 'Rejeki Tani/Sulantrini', 0),
(910, 910, 'Rejeki Tani/Sulantrini', 0),
(911, 911, 'Rejeki Tani/Sulantrini', 0),
(912, 912, 'Rejeki Tani/Sulantrini', 0),
(913, 913, 'Rejeki Tani/Sulantrini', 0),
(914, 914, 'Rejeki Tani/Sulantrini', 0),
(915, 915, 'Rejeki Tani/Sulantrini', 0),
(916, 916, 'Rejeki Tani/Sulantrini', 0),
(917, 917, 'Rejeki Tani/Sulantrini', 0),
(918, 918, 'Rejeki Tani/Sulantrini', 0),
(919, 919, 'Rejeki Tani/Sulantrini', 0),
(920, 920, 'Rejeki Tani/Sulantrini', 0),
(921, 921, 'Rejeki Tani/Sulantrini', 0),
(922, 922, 'Rejeki Tani/Sulantrini', 0),
(923, 923, 'Rejeki Tani/Sulantrini', 0),
(924, 924, 'Rejeki Tani/Sulantrini', 0),
(925, 925, 'Rejeki Tani/Sulantrini', 0),
(926, 926, 'Rejeki Tani/Sulantrini', 0),
(927, 927, 'Rejeki Tani/Sulantrini', 0),
(928, 928, 'Rejeki Tani/Sulantrini', 0),
(929, 929, 'Agro Lestari, UD/Puguh', 0),
(930, 930, 'Agro Lestari, UD/Puguh', 0),
(931, 931, 'Agro Lestari, UD/Puguh', 0),
(932, 932, 'Agro Lestari, UD/Puguh', 0),
(933, 933, 'Agro Lestari, UD/Puguh', 0),
(934, 934, 'Agro Lestari, UD/Puguh', 0),
(935, 935, 'Agro Lestari, UD/Puguh', 0),
(936, 936, 'Agro Lestari, UD/Puguh', 0),
(937, 937, 'Agro Lestari, UD/Puguh', 0),
(938, 938, 'Agro Lestari, UD/Puguh', 0),
(939, 939, 'Agro Lestari, UD/Puguh', 0),
(940, 940, 'Agro Lestari, UD/Puguh', 0),
(941, 941, 'Agro Lestari, UD/Puguh', 0),
(942, 942, 'Agro Lestari, UD/Puguh', 0),
(943, 943, 'Agro Lestari, UD/Puguh', 0),
(944, 944, 'Agro Lestari, UD/Puguh', 0),
(945, 945, 'Agro Lestari, UD/Puguh', 0),
(946, 946, 'Agro Lestari, UD/Puguh', 0),
(947, 947, 'Agro Lestari, UD/Puguh', 0),
(948, 948, 'Agro Lestari, UD/Puguh', 0),
(949, 949, 'Agro Lestari, UD/Puguh', 0),
(950, 950, 'Agro Lestari, UD/Puguh', 0),
(951, 951, 'Agro Lestari, UD/Puguh', 0),
(952, 952, 'Agro Lestari, UD/Puguh', 0),
(953, 953, 'Agro Lestari, UD/Puguh', 0),
(954, 954, 'Agro Lestari, UD/Puguh', 0),
(955, 955, 'Agro Lestari, UD/Puguh', 0),
(956, 956, 'Agro Lestari, UD/Puguh', 0),
(957, 957, 'Agro Lestari, UD/Puguh', 0),
(958, 958, 'Agro Lestari, UD/Puguh', 0),
(959, 959, 'Agro Lestari, UD/Puguh', 0),
(960, 960, 'Agro Lestari, UD/Puguh', 0),
(961, 961, 'Soko Rejeki/Supadi', 0),
(962, 962, 'Soko Rejeki/Supadi', 0),
(963, 963, 'Soko Rejeki/Supadi', 0),
(964, 964, 'Soko Rejeki/Supadi', 0),
(965, 965, 'Soko Rejeki/Supadi', 0),
(966, 966, 'Soko Rejeki/Supadi', 0),
(967, 967, 'Soko Rejeki/Supadi', 0),
(968, 968, 'Soko Rejeki/Supadi', 0),
(969, 969, 'Soko Rejeki/Supadi', 0),
(970, 970, 'Soko Rejeki/Supadi', 0),
(971, 971, 'Soko Rejeki/Supadi', 0),
(972, 972, 'Soko Rejeki/Supadi', 0),
(973, 973, 'Soko Rejeki/Supadi', 0),
(974, 974, 'Soko Rejeki/Supadi', 0),
(975, 975, 'Soko Rejeki/Supadi', 0),
(976, 976, 'Soko Rejeki/Supadi', 0),
(977, 977, 'Soko Rejeki/Supadi', 0),
(978, 978, 'Soko Rejeki/Supadi', 0),
(979, 979, 'Soko Rejeki/Supadi', 0),
(980, 980, 'Soko Rejeki/Supadi', 0),
(981, 981, 'Soko Rejeki/Supadi', 0),
(982, 982, 'Soko Rejeki/Supadi', 0),
(983, 983, 'Soko Rejeki/Supadi', 0),
(984, 984, 'Soko Rejeki/Supadi', 0),
(985, 985, 'Soko Rejeki/Supadi', 0),
(986, 986, 'Soko Rejeki/Supadi', 0),
(987, 987, 'Soko Rejeki/Supadi', 0),
(988, 988, 'Soko Rejeki/Supadi', 0),
(989, 989, 'Soko Rejeki/Supadi', 0),
(990, 990, 'Soko Rejeki/Supadi', 0),
(991, 991, 'Soko Rejeki/Supadi', 0),
(992, 992, 'Soko Rejeki/Supadi', 0),
(993, 993, 'Tani Agung/Robert', 0),
(994, 994, 'Tani Agung/Robert', 0),
(995, 995, 'Tani Agung/Robert', 0),
(996, 996, 'Tani Agung/Robert', 0),
(997, 997, 'Tani Agung/Robert', 0),
(998, 998, 'Tani Agung/Robert', 0),
(999, 999, 'Tani Agung/Robert', 0),
(1000, 1000, 'Tani Agung/Robert', 0),
(1001, 1001, 'Tani Agung/Robert', 0),
(1002, 1002, 'Tani Agung/Robert', 0),
(1003, 1003, 'Tani Agung/Robert', 0),
(1004, 1004, 'Tani Agung/Robert', 0),
(1005, 1005, 'Tani Agung/Robert', 0),
(1006, 1006, 'Tani Agung/Robert', 0),
(1007, 1007, 'Tani Agung/Robert', 0),
(1008, 1008, 'Tani Agung/Robert', 0),
(1009, 1009, 'Tani Agung/Robert', 0),
(1010, 1010, 'Tani Agung/Robert', 0),
(1011, 1011, 'Tani Agung/Robert', 0),
(1012, 1012, 'Tani Agung/Robert', 0),
(1013, 1013, 'Tani Agung/Robert', 0),
(1014, 1014, 'Tani Agung/Robert', 0),
(1015, 1015, 'Tani Agung/Robert', 0),
(1016, 1016, 'Tani Agung/Robert', 0),
(1017, 1017, 'Tani Agung/Robert', 0),
(1018, 1018, 'Tani Agung/Robert', 0),
(1019, 1019, 'Tani Agung/Robert', 0),
(1020, 1020, 'Tani Agung/Robert', 0),
(1021, 1021, 'Tani Agung/Robert', 0),
(1022, 1022, 'Tani Agung/Robert', 0),
(1023, 1023, 'Tani Agung/Robert', 0),
(1024, 1024, 'Tani Agung/Robert', 0),
(1025, 1025, 'Sriwijaya/Yahya', 0),
(1026, 1026, 'Sriwijaya/Yahya', 0),
(1027, 1027, 'Sriwijaya/Yahya', 0),
(1028, 1028, 'Sriwijaya/Yahya', 0),
(1029, 1029, 'Sriwijaya/Yahya', 0),
(1030, 1030, 'Sriwijaya/Yahya', 0),
(1031, 1031, 'Sriwijaya/Yahya', 0),
(1032, 1032, 'Sriwijaya/Yahya', 0),
(1033, 1033, 'Sriwijaya/Yahya', 0),
(1034, 1034, 'Sriwijaya/Yahya', 0),
(1035, 1035, 'Sriwijaya/Yahya', 0),
(1036, 1036, 'Sriwijaya/Yahya', 0),
(1037, 1037, 'Sriwijaya/Yahya', 0),
(1038, 1038, 'Sriwijaya/Yahya', 0),
(1039, 1039, 'Sriwijaya/Yahya', 0),
(1040, 1040, 'Sriwijaya/Yahya', 0),
(1041, 1041, 'Sriwijaya/Yahya', 0),
(1042, 1042, 'Sriwijaya/Yahya', 0),
(1043, 1043, 'Sriwijaya/Yahya', 0),
(1044, 1044, 'Sriwijaya/Yahya', 0),
(1045, 1045, 'Sriwijaya/Yahya', 0),
(1046, 1046, 'Sriwijaya/Yahya', 0),
(1047, 1047, 'Sriwijaya/Yahya', 0),
(1048, 1048, 'Sriwijaya/Yahya', 0),
(1049, 1049, 'Sriwijaya/Yahya', 0),
(1050, 1050, 'Sriwijaya/Yahya', 0),
(1051, 1051, 'Sriwijaya/Yahya', 0),
(1052, 1052, 'Sriwijaya/Yahya', 0),
(1053, 1053, 'Sriwijaya/Yahya', 0),
(1054, 1054, 'Sriwijaya/Yahya', 0),
(1055, 1055, 'Sriwijaya/Yahya', 0),
(1056, 1056, 'Bintang Sejahtera', 0),
(1057, 1057, 'Bintang Sejahtera', 0),
(1058, 1058, 'Bintang Sejahtera', 0),
(1059, 1059, 'Bintang Sejahtera', 0),
(1060, 1060, 'Bintang Sejahtera', 0),
(1061, 1061, 'Bintang Sejahtera', 0),
(1062, 1062, 'Bintang Sejahtera', 0),
(1063, 1063, 'Bintang Sejahtera', 0),
(1064, 1064, 'Bintang Sejahtera', 0),
(1065, 1065, 'Bintang Sejahtera', 0),
(1066, 1066, 'Bintang Sejahtera', 0),
(1067, 1067, 'Bintang Sejahtera', 0),
(1068, 1068, 'Bintang Sejahtera', 0),
(1069, 1069, 'Bintang Sejahtera', 0),
(1070, 1070, 'Bintang Sejahtera', 0),
(1071, 1071, 'Bintang Sejahtera', 0),
(1072, 1072, 'Bintang Sejahtera', 0),
(1073, 1073, 'Bintang Sejahtera', 0),
(1074, 1074, 'Bintang Sejahtera', 0),
(1075, 1075, 'Bintang Sejahtera', 0),
(1076, 1076, 'Bintang Sejahtera', 0),
(1077, 1077, 'Bintang Sejahtera', 0),
(1078, 1078, 'Bintang Sejahtera', 0),
(1079, 1079, 'Bintang Sejahtera', 0),
(1080, 1080, 'Bintang Sejahtera', 0),
(1081, 1081, 'Bintang Sejahtera', 0),
(1082, 1082, 'Bintang Sejahtera', 0),
(1083, 1083, 'Bintang Sejahtera', 0),
(1084, 1084, 'Bintang Sejahtera', 0),
(1085, 1085, 'Bintang Sejahtera', 0),
(1086, 1086, 'Bintang Sejahtera', 0),
(1087, 1087, 'Nadi, CV', 0),
(1088, 1088, 'Nadi, CV', 0),
(1089, 1089, 'Nadi, CV', 0),
(1090, 1090, 'Nadi, CV', 0),
(1091, 1091, 'Nadi, CV', 0),
(1092, 1092, 'Nadi, CV', 0),
(1093, 1093, 'Nadi, CV', 0),
(1094, 1094, 'Nadi, CV', 0),
(1095, 1095, 'Nadi, CV', 0),
(1096, 1096, 'Nadi, CV', 0),
(1097, 1097, 'Nadi, CV', 0),
(1098, 1098, 'Nadi, CV', 0),
(1099, 1099, 'Nadi, CV', 0),
(1100, 1100, 'Nadi, CV', 0),
(1101, 1101, 'Nadi, CV', 0),
(1102, 1102, 'Nadi, CV', 0),
(1103, 1103, 'Nadi, CV', 0),
(1104, 1104, 'Nadi, CV', 0),
(1105, 1105, 'Nadi, CV', 0),
(1106, 1106, 'Nadi, CV', 0),
(1107, 1107, 'Nadi, CV', 0),
(1108, 1108, 'Nadi, CV', 0),
(1109, 1109, 'Nadi, CV', 0),
(1110, 1110, 'Nadi, CV', 0),
(1111, 1111, 'Nadi, CV', 0),
(1112, 1112, 'Nadi, CV', 0),
(1113, 1113, 'Nadi, CV', 0),
(1114, 1114, 'Nadi, CV', 0),
(1115, 1115, 'Nadi, CV', 0),
(1116, 1116, 'Nadi, CV', 0),
(1117, 1117, 'Nadi, CV', 0),
(1118, 1118, 'Putra Pertiwi', 0),
(1119, 1119, 'Putra Pertiwi', 0),
(1120, 1120, 'Putra Pertiwi', 0),
(1121, 1121, 'Putra Pertiwi', 0),
(1122, 1122, 'Putra Pertiwi', 0),
(1123, 1123, 'Putra Pertiwi', 0),
(1124, 1124, 'Putra Pertiwi', 0),
(1125, 1125, 'Putra Pertiwi', 0),
(1126, 1126, 'Putra Pertiwi', 0),
(1127, 1127, 'Putra Pertiwi', 0),
(1128, 1128, 'Putra Pertiwi', 0),
(1129, 1129, 'Putra Pertiwi', 0),
(1130, 1130, 'Putra Pertiwi', 0),
(1131, 1131, 'Putra Pertiwi', 0),
(1132, 1132, 'Putra Pertiwi', 0),
(1133, 1133, 'Putra Pertiwi', 0),
(1134, 1134, 'Putra Pertiwi', 0),
(1135, 1135, 'Putra Pertiwi', 0),
(1136, 1136, 'Putra Pertiwi', 0),
(1137, 1137, 'Putra Pertiwi', 0),
(1138, 1138, 'Putra Pertiwi', 0),
(1139, 1139, 'Putra Pertiwi', 0),
(1140, 1140, 'Putra Pertiwi', 0),
(1141, 1141, 'Putra Pertiwi', 0),
(1142, 1142, 'Putra Pertiwi', 0),
(1143, 1143, 'Putra Pertiwi', 0),
(1144, 1144, 'Putra Pertiwi', 0),
(1145, 1145, 'Putra Pertiwi', 0),
(1146, 1146, 'Putra Pertiwi', 0),
(1147, 1147, 'Putra Pertiwi', 0),
(1148, 1148, 'Putra Pertiwi', 0),
(1149, 1149, 'Sumber Tani, UD/Agin', 0),
(1150, 1150, 'Sumber Tani, UD/Agin', 0),
(1151, 1151, 'Sumber Tani, UD/Agin', 0),
(1152, 1152, 'Sumber Tani, UD/Agin', 0),
(1153, 1153, 'Sumber Tani, UD/Agin', 0),
(1154, 1154, 'Sumber Tani, UD/Agin', 0),
(1155, 1155, 'Sumber Tani, UD/Agin', 0),
(1156, 1156, 'Sumber Tani, UD/Agin', 0),
(1157, 1157, 'Sumber Tani, UD/Agin', 0),
(1158, 1158, 'Sumber Tani, UD/Agin', 0),
(1159, 1159, 'Sumber Tani, UD/Agin', 0),
(1160, 1160, 'Sumber Tani, UD/Agin', 0),
(1161, 1161, 'Sumber Tani, UD/Agin', 0),
(1162, 1162, 'Sumber Tani, UD/Agin', 0),
(1163, 1163, 'Sumber Tani, UD/Agin', 0),
(1164, 1164, 'Sumber Tani, UD/Agin', 0),
(1165, 1165, 'Sumber Tani, UD/Agin', 0),
(1166, 1166, 'Sumber Tani, UD/Agin', 0),
(1167, 1167, 'Sumber Tani, UD/Agin', 0),
(1168, 1168, 'Sumber Tani, UD/Agin', 0),
(1169, 1169, 'Sumber Tani, UD/Agin', 0),
(1170, 1170, 'Sumber Tani, UD/Agin', 0),
(1171, 1171, 'Sumber Tani, UD/Agin', 0),
(1172, 1172, 'Sumber Tani, UD/Agin', 0),
(1173, 1173, 'Sumber Tani, UD/Agin', 0),
(1174, 1174, 'Sumber Tani, UD/Agin', 0),
(1175, 1175, 'Sumber Tani, UD/Agin', 0),
(1176, 1176, 'Sumber Tani, UD/Agin', 0),
(1177, 1177, 'Sumber Tani, UD/Agin', 0),
(1178, 1178, 'Sumber Tani, UD/Agin', 0),
(1179, 1179, 'Sumber Tani, UD/Agin', 0),
(1180, 1180, 'Murah Jaya Wardani, CV', 0),
(1181, 1181, 'Murah Jaya Wardani, CV', 0),
(1182, 1182, 'Murah Jaya Wardani, CV', 0),
(1183, 1183, 'Murah Jaya Wardani, CV', 0),
(1184, 1184, 'Murah Jaya Wardani, CV', 0),
(1185, 1185, 'Murah Jaya Wardani, CV', 0),
(1186, 1186, 'Murah Jaya Wardani, CV', 0),
(1187, 1187, 'Murah Jaya Wardani, CV', 0),
(1188, 1188, 'Murah Jaya Wardani, CV', 0),
(1189, 1189, 'Murah Jaya Wardani, CV', 0),
(1190, 1190, 'Murah Jaya Wardani, CV', 0),
(1191, 1191, 'Murah Jaya Wardani, CV', 0),
(1192, 1192, 'Murah Jaya Wardani, CV', 0),
(1193, 1193, 'Murah Jaya Wardani, CV', 0),
(1194, 1194, 'Murah Jaya Wardani, CV', 0),
(1195, 1195, 'Murah Jaya Wardani, CV', 0),
(1196, 1196, 'Murah Jaya Wardani, CV', 0),
(1197, 1197, 'Murah Jaya Wardani, CV', 0),
(1198, 1198, 'Murah Jaya Wardani, CV', 0),
(1199, 1199, 'Murah Jaya Wardani, CV', 0),
(1200, 1200, 'Murah Jaya Wardani, CV', 0),
(1201, 1201, 'Murah Jaya Wardani, CV', 0),
(1202, 1202, 'Murah Jaya Wardani, CV', 0),
(1203, 1203, 'Murah Jaya Wardani, CV', 0),
(1204, 1204, 'Murah Jaya Wardani, CV', 0),
(1205, 1205, 'Murah Jaya Wardani, CV', 0),
(1206, 1206, 'Murah Jaya Wardani, CV', 0),
(1207, 1207, 'Murah Jaya Wardani, CV', 0),
(1208, 1208, 'Murah Jaya Wardani, CV', 0),
(1209, 1209, 'Murah Jaya Wardani, CV', 0),
(1210, 1210, 'Murah Jaya Wardani, CV', 0),
(1211, 1211, 'Sinar Tani/Wirami', 0),
(1212, 1212, 'Sinar Tani/Wirami', 0),
(1213, 1213, 'Sinar Tani/Wirami', 0),
(1214, 1214, 'Sinar Tani/Wirami', 0),
(1215, 1215, 'Sinar Tani/Wirami', 0),
(1216, 1216, 'Sinar Tani/Wirami', 0),
(1217, 1217, 'Sinar Tani/Wirami', 0),
(1218, 1218, 'Sinar Tani/Wirami', 0),
(1219, 1219, 'Sinar Tani/Wirami', 0),
(1220, 1220, 'Sinar Tani/Wirami', 0),
(1221, 1221, 'Sinar Tani/Wirami', 0),
(1222, 1222, 'Sinar Tani/Wirami', 0),
(1223, 1223, 'Sinar Tani/Wirami', 0),
(1224, 1224, 'Sinar Tani/Wirami', 0),
(1225, 1225, 'Sinar Tani/Wirami', 0),
(1226, 1226, 'Sinar Tani/Wirami', 0),
(1227, 1227, 'Sinar Tani/Wirami', 0),
(1228, 1228, 'Sinar Tani/Wirami', 0),
(1229, 1229, 'Sinar Tani/Wirami', 0),
(1230, 1230, 'Sinar Tani/Wirami', 0),
(1231, 1231, 'Sinar Tani/Wirami', 0),
(1232, 1232, 'Sinar Tani/Wirami', 0),
(1233, 1233, 'Sinar Tani/Wirami', 0),
(1234, 1234, 'Sinar Tani/Wirami', 0),
(1235, 1235, 'Sinar Tani/Wirami', 0),
(1236, 1236, 'Sinar Tani/Wirami', 0),
(1237, 1237, 'Sinar Tani/Wirami', 0),
(1238, 1238, 'Sinar Tani/Wirami', 0),
(1239, 1239, 'Sinar Tani/Wirami', 0),
(1240, 1240, 'Sinar Tani/Wirami', 0),
(1241, 1241, 'Sinar Tani/Wirami', 0),
(1242, 1242, 'Mekar Jaya Tani/Rudy', 0),
(1243, 1243, 'Mekar Jaya Tani/Rudy', 0),
(1244, 1244, 'Mekar Jaya Tani/Rudy', 0),
(1245, 1245, 'Mekar Jaya Tani/Rudy', 0),
(1246, 1246, 'Mekar Jaya Tani/Rudy', 0),
(1247, 1247, 'Mekar Jaya Tani/Rudy', 0),
(1248, 1248, 'Mekar Jaya Tani/Rudy', 0),
(1249, 1249, 'Mekar Jaya Tani/Rudy', 0),
(1250, 1250, 'Mekar Jaya Tani/Rudy', 0),
(1251, 1251, 'Mekar Jaya Tani/Rudy', 0),
(1252, 1252, 'Mekar Jaya Tani/Rudy', 0),
(1253, 1253, 'Mekar Jaya Tani/Rudy', 0),
(1254, 1254, 'Mekar Jaya Tani/Rudy', 0),
(1255, 1255, 'Mekar Jaya Tani/Rudy', 0),
(1256, 1256, 'Mekar Jaya Tani/Rudy', 0),
(1257, 1257, 'Mekar Jaya Tani/Rudy', 0),
(1258, 1258, 'Mekar Jaya Tani/Rudy', 0),
(1259, 1259, 'Mekar Jaya Tani/Rudy', 0),
(1260, 1260, 'Mekar Jaya Tani/Rudy', 0),
(1261, 1261, 'Mekar Jaya Tani/Rudy', 0),
(1262, 1262, 'Mekar Jaya Tani/Rudy', 0),
(1263, 1263, 'Mekar Jaya Tani/Rudy', 0),
(1264, 1264, 'Mekar Jaya Tani/Rudy', 0),
(1265, 1265, 'Mekar Jaya Tani/Rudy', 0),
(1266, 1266, 'Mekar Jaya Tani/Rudy', 0),
(1267, 1267, 'Mekar Jaya Tani/Rudy', 0),
(1268, 1268, 'Mekar Jaya Tani/Rudy', 0),
(1269, 1269, 'Mekar Jaya Tani/Rudy', 0),
(1270, 1270, 'Mekar Jaya Tani/Rudy', 0),
(1271, 1271, 'Mekar Jaya Tani/Rudy', 0),
(1272, 1272, 'Mahhur', 0),
(1273, 1273, 'Mahhur', 0),
(1274, 1274, 'Mahhur', 0),
(1275, 1275, 'Mahhur', 0),
(1276, 1276, 'Mahhur', 0),
(1277, 1277, 'Mahhur', 0),
(1278, 1278, 'Mahhur', 0),
(1279, 1279, 'Mahhur', 0),
(1280, 1280, 'Mahhur', 0),
(1281, 1281, 'Mahhur', 0),
(1282, 1282, 'Mahhur', 0),
(1283, 1283, 'Mahhur', 0),
(1284, 1284, 'Mahhur', 0),
(1285, 1285, 'Mahhur', 0),
(1286, 1286, 'Mahhur', 0),
(1287, 1287, 'Mahhur', 0),
(1288, 1288, 'Mahhur', 0),
(1289, 1289, 'Mahhur', 0),
(1290, 1290, 'Mahhur', 0),
(1291, 1291, 'Mahhur', 0),
(1292, 1292, 'Mahhur', 0),
(1293, 1293, 'Mahhur', 0),
(1294, 1294, 'Mahhur', 0),
(1295, 1295, 'Mahhur', 0),
(1296, 1296, 'Mahhur', 0),
(1297, 1297, 'Mahhur', 0),
(1298, 1298, 'Mahhur', 0),
(1299, 1299, 'Mahhur', 0),
(1300, 1300, 'Mahhur', 0),
(1301, 1301, 'Jaya Utama, CV', 0),
(1302, 1302, 'Jaya Utama, CV', 0),
(1303, 1303, 'Jaya Utama, CV', 0),
(1304, 1304, 'Jaya Utama, CV', 0),
(1305, 1305, 'Jaya Utama, CV', 0),
(1306, 1306, 'Jaya Utama, CV', 0),
(1307, 1307, 'Jaya Utama, CV', 0),
(1308, 1308, 'Jaya Utama, CV', 0),
(1309, 1309, 'Jaya Utama, CV', 0),
(1310, 1310, 'Jaya Utama, CV', 0),
(1311, 1311, 'Jaya Utama, CV', 0),
(1312, 1312, 'Jaya Utama, CV', 0),
(1313, 1313, 'Jaya Utama, CV', 0),
(1314, 1314, 'Jaya Utama, CV', 0),
(1315, 1315, 'Jaya Utama, CV', 0),
(1316, 1316, 'Jaya Utama, CV', 0),
(1317, 1317, 'Jaya Utama, CV', 0),
(1318, 1318, 'Jaya Utama, CV', 0),
(1319, 1319, 'Jaya Utama, CV', 0),
(1320, 1320, 'Jaya Utama, CV', 0),
(1321, 1321, 'Jaya Utama, CV', 0),
(1322, 1322, 'Jaya Utama, CV', 0),
(1323, 1323, 'Jaya Utama, CV', 0),
(1324, 1324, 'Jaya Utama, CV', 0),
(1325, 1325, 'Jaya Utama, CV', 0),
(1326, 1326, 'Jaya Utama, CV', 0),
(1327, 1327, 'Jaya Utama, CV', 0),
(1328, 1328, 'Jaya Utama, CV', 0),
(1329, 1329, 'Jaya Utama, CV', 0),
(1330, 1330, 'Tani Sumber Makmur/Maskur', 0),
(1331, 1331, 'Tani Sumber Makmur/Maskur', 0),
(1332, 1332, 'Tani Sumber Makmur/Maskur', 0),
(1333, 1333, 'Tani Sumber Makmur/Maskur', 0),
(1334, 1334, 'Tani Sumber Makmur/Maskur', 0),
(1335, 1335, 'Tani Sumber Makmur/Maskur', 0),
(1336, 1336, 'Tani Sumber Makmur/Maskur', 0),
(1337, 1337, 'Tani Sumber Makmur/Maskur', 0),
(1338, 1338, 'Tani Sumber Makmur/Maskur', 0),
(1339, 1339, 'Tani Sumber Makmur/Maskur', 0),
(1340, 1340, 'Tani Sumber Makmur/Maskur', 0),
(1341, 1341, 'Tani Sumber Makmur/Maskur', 0),
(1342, 1342, 'Tani Sumber Makmur/Maskur', 0),
(1343, 1343, 'Tani Sumber Makmur/Maskur', 0),
(1344, 1344, 'Tani Sumber Makmur/Maskur', 0),
(1345, 1345, 'Tani Sumber Makmur/Maskur', 0),
(1346, 1346, 'Tani Sumber Makmur/Maskur', 0),
(1347, 1347, 'Tani Sumber Makmur/Maskur', 0),
(1348, 1348, 'Tani Sumber Makmur/Maskur', 0),
(1349, 1349, 'Tani Sumber Makmur/Maskur', 0),
(1350, 1350, 'Tani Sumber Makmur/Maskur', 0),
(1351, 1351, 'Tani Sumber Makmur/Maskur', 0),
(1352, 1352, 'Tani Sumber Makmur/Maskur', 0),
(1353, 1353, 'Tani Sumber Makmur/Maskur', 0),
(1354, 1354, 'Tani Sumber Makmur/Maskur', 0),
(1355, 1355, 'Tani Sumber Makmur/Maskur', 0),
(1356, 1356, 'Tani Sumber Makmur/Maskur', 0),
(1357, 1357, 'Tani Sumber Makmur/Maskur', 0),
(1358, 1358, 'Tani Sumber Makmur/Maskur', 0),
(1359, 1359, 'Tani Makmur/Ahmad Sofyan', 0),
(1360, 1360, 'Tani Makmur/Ahmad Sofyan', 0),
(1361, 1361, 'Tani Makmur/Ahmad Sofyan', 0),
(1362, 1362, 'Tani Makmur/Ahmad Sofyan', 0),
(1363, 1363, 'Tani Makmur/Ahmad Sofyan', 0),
(1364, 1364, 'Tani Makmur/Ahmad Sofyan', 0),
(1365, 1365, 'Tani Makmur/Ahmad Sofyan', 0),
(1366, 1366, 'Tani Makmur/Ahmad Sofyan', 0),
(1367, 1367, 'Tani Makmur/Ahmad Sofyan', 0),
(1368, 1368, 'Tani Makmur/Ahmad Sofyan', 0),
(1369, 1369, 'Tani Makmur/Ahmad Sofyan', 0),
(1370, 1370, 'Tani Makmur/Ahmad Sofyan', 0),
(1371, 1371, 'Tani Makmur/Ahmad Sofyan', 0),
(1372, 1372, 'Tani Makmur/Ahmad Sofyan', 0),
(1373, 1373, 'Tani Makmur/Ahmad Sofyan', 0),
(1374, 1374, 'Tani Makmur/Ahmad Sofyan', 0),
(1375, 1375, 'Tani Makmur/Ahmad Sofyan', 0),
(1376, 1376, 'Tani Makmur/Ahmad Sofyan', 0),
(1377, 1377, 'Tani Makmur/Ahmad Sofyan', 0),
(1378, 1378, 'Tani Makmur/Ahmad Sofyan', 0),
(1379, 1379, 'Tani Makmur/Ahmad Sofyan', 0),
(1380, 1380, 'Tani Makmur/Ahmad Sofyan', 0),
(1381, 1381, 'Tani Makmur/Ahmad Sofyan', 0),
(1382, 1382, 'Tani Makmur/Ahmad Sofyan', 0),
(1383, 1383, 'Tani Makmur/Ahmad Sofyan', 0),
(1384, 1384, 'Tani Makmur/Ahmad Sofyan', 0),
(1385, 1385, 'Tani Makmur/Ahmad Sofyan', 0),
(1386, 1386, 'Tani Makmur/Ahmad Sofyan', 0),
(1387, 1387, 'Tani Makmur/Ahmad Sofyan', 0),
(1388, 1388, 'Kedung Agung, UD', 0),
(1389, 1389, 'Kedung Agung, UD', 0),
(1390, 1390, 'Kedung Agung, UD', 0),
(1391, 1391, 'Kedung Agung, UD', 0),
(1392, 1392, 'Kedung Agung, UD', 0),
(1393, 1393, 'Kedung Agung, UD', 0),
(1394, 1394, 'Kedung Agung, UD', 0),
(1395, 1395, 'Kedung Agung, UD', 0),
(1396, 1396, 'Kedung Agung, UD', 0),
(1397, 1397, 'Kedung Agung, UD', 0),
(1398, 1398, 'Kedung Agung, UD', 0),
(1399, 1399, 'Kedung Agung, UD', 0),
(1400, 1400, 'Kedung Agung, UD', 0),
(1401, 1401, 'Kedung Agung, UD', 0),
(1402, 1402, 'Kedung Agung, UD', 0),
(1403, 1403, 'Kedung Agung, UD', 0),
(1404, 1404, 'Kedung Agung, UD', 0),
(1405, 1405, 'Kedung Agung, UD', 0),
(1406, 1406, 'Kedung Agung, UD', 0),
(1407, 1407, 'Kedung Agung, UD', 0),
(1408, 1408, 'Kedung Agung, UD', 0),
(1409, 1409, 'Kedung Agung, UD', 0),
(1410, 1410, 'Kedung Agung, UD', 0),
(1411, 1411, 'Kedung Agung, UD', 0),
(1412, 1412, 'Kedung Agung, UD', 0),
(1413, 1413, 'Kedung Agung, UD', 0),
(1414, 1414, 'Kedung Agung, UD', 0),
(1415, 1415, 'Kedung Agung, UD', 0),
(1416, 1416, 'Kedung Agung, UD', 0),
(1417, 1417, 'Riski Tani/Hadi', 0),
(1418, 1418, 'Riski Tani/Hadi', 0),
(1419, 1419, 'Riski Tani/Hadi', 0),
(1420, 1420, 'Riski Tani/Hadi', 0),
(1421, 1421, 'Riski Tani/Hadi', 0),
(1422, 1422, 'Riski Tani/Hadi', 0),
(1423, 1423, 'Riski Tani/Hadi', 0),
(1424, 1424, 'Riski Tani/Hadi', 0),
(1425, 1425, 'Riski Tani/Hadi', 0),
(1426, 1426, 'Riski Tani/Hadi', 0),
(1427, 1427, 'Riski Tani/Hadi', 0),
(1428, 1428, 'Riski Tani/Hadi', 0),
(1429, 1429, 'Riski Tani/Hadi', 0),
(1430, 1430, 'Riski Tani/Hadi', 0),
(1431, 1431, 'Riski Tani/Hadi', 0),
(1432, 1432, 'Riski Tani/Hadi', 0),
(1433, 1433, 'Riski Tani/Hadi', 0),
(1434, 1434, 'Riski Tani/Hadi', 0),
(1435, 1435, 'Riski Tani/Hadi', 0);
INSERT INTO `undian_silver` (`id_undian`, `nomor_undi`, `nama_toko`, `status`) VALUES
(1436, 1436, 'Riski Tani/Hadi', 0),
(1437, 1437, 'Riski Tani/Hadi', 0),
(1438, 1438, 'Riski Tani/Hadi', 0),
(1439, 1439, 'Riski Tani/Hadi', 0),
(1440, 1440, 'Riski Tani/Hadi', 0),
(1441, 1441, 'Riski Tani/Hadi', 0),
(1442, 1442, 'Riski Tani/Hadi', 0),
(1443, 1443, 'Riski Tani/Hadi', 0),
(1444, 1444, 'Riski Tani/Hadi', 0),
(1445, 1445, 'Balen Rejo', 0),
(1446, 1446, 'Balen Rejo', 0),
(1447, 1447, 'Balen Rejo', 0),
(1448, 1448, 'Balen Rejo', 0),
(1449, 1449, 'Balen Rejo', 0),
(1450, 1450, 'Balen Rejo', 0),
(1451, 1451, 'Balen Rejo', 0),
(1452, 1452, 'Balen Rejo', 0),
(1453, 1453, 'Balen Rejo', 0),
(1454, 1454, 'Balen Rejo', 0),
(1455, 1455, 'Balen Rejo', 0),
(1456, 1456, 'Balen Rejo', 0),
(1457, 1457, 'Balen Rejo', 0),
(1458, 1458, 'Balen Rejo', 0),
(1459, 1459, 'Balen Rejo', 0),
(1460, 1460, 'Balen Rejo', 0),
(1461, 1461, 'Balen Rejo', 0),
(1462, 1462, 'Balen Rejo', 0),
(1463, 1463, 'Balen Rejo', 0),
(1464, 1464, 'Balen Rejo', 0),
(1465, 1465, 'Balen Rejo', 0),
(1466, 1466, 'Balen Rejo', 0),
(1467, 1467, 'Balen Rejo', 0),
(1468, 1468, 'Balen Rejo', 0),
(1469, 1469, 'Balen Rejo', 0),
(1470, 1470, 'Balen Rejo', 0),
(1471, 1471, 'Balen Rejo', 0),
(1472, 1472, 'Balen Rejo', 0),
(1473, 1473, 'Koko Tani', 0),
(1474, 1474, 'Koko Tani', 0),
(1475, 1475, 'Koko Tani', 0),
(1476, 1476, 'Koko Tani', 0),
(1477, 1477, 'Koko Tani', 0),
(1478, 1478, 'Koko Tani', 0),
(1479, 1479, 'Koko Tani', 0),
(1480, 1480, 'Koko Tani', 0),
(1481, 1481, 'Koko Tani', 0),
(1482, 1482, 'Koko Tani', 0),
(1483, 1483, 'Koko Tani', 0),
(1484, 1484, 'Koko Tani', 0),
(1485, 1485, 'Koko Tani', 0),
(1486, 1486, 'Koko Tani', 0),
(1487, 1487, 'Koko Tani', 0),
(1488, 1488, 'Koko Tani', 0),
(1489, 1489, 'Koko Tani', 0),
(1490, 1490, 'Koko Tani', 0),
(1491, 1491, 'Koko Tani', 0),
(1492, 1492, 'Koko Tani', 0),
(1493, 1493, 'Koko Tani', 0),
(1494, 1494, 'Koko Tani', 0),
(1495, 1495, 'Koko Tani', 0),
(1496, 1496, 'Koko Tani', 0),
(1497, 1497, 'Koko Tani', 0),
(1498, 1498, 'Koko Tani', 0),
(1499, 1499, 'Koko Tani', 0),
(1500, 1500, 'Putra Jaya/Sholeh', 0),
(1501, 1501, 'Putra Jaya/Sholeh', 0),
(1502, 1502, 'Putra Jaya/Sholeh', 0),
(1503, 1503, 'Putra Jaya/Sholeh', 0),
(1504, 1504, 'Putra Jaya/Sholeh', 0),
(1505, 1505, 'Putra Jaya/Sholeh', 0),
(1506, 1506, 'Putra Jaya/Sholeh', 0),
(1507, 1507, 'Putra Jaya/Sholeh', 0),
(1508, 1508, 'Putra Jaya/Sholeh', 0),
(1509, 1509, 'Putra Jaya/Sholeh', 0),
(1510, 1510, 'Putra Jaya/Sholeh', 0),
(1511, 1511, 'Putra Jaya/Sholeh', 0),
(1512, 1512, 'Putra Jaya/Sholeh', 0),
(1513, 1513, 'Putra Jaya/Sholeh', 0),
(1514, 1514, 'Putra Jaya/Sholeh', 0),
(1515, 1515, 'Putra Jaya/Sholeh', 0),
(1516, 1516, 'Putra Jaya/Sholeh', 0),
(1517, 1517, 'Putra Jaya/Sholeh', 0),
(1518, 1518, 'Putra Jaya/Sholeh', 0),
(1519, 1519, 'Putra Jaya/Sholeh', 0),
(1520, 1520, 'Putra Jaya/Sholeh', 0),
(1521, 1521, 'Putra Jaya/Sholeh', 0),
(1522, 1522, 'Putra Jaya/Sholeh', 0),
(1523, 1523, 'Putra Jaya/Sholeh', 0),
(1524, 1524, 'Putra Jaya/Sholeh', 0),
(1525, 1525, 'Putra Jaya/Sholeh', 0),
(1526, 1526, 'Putra Jaya/Sholeh', 0),
(1527, 1527, 'Sumber Tani Makmur, CV/Muslim', 0),
(1528, 1528, 'Sumber Tani Makmur, CV/Muslim', 0),
(1529, 1529, 'Sumber Tani Makmur, CV/Muslim', 0),
(1530, 1530, 'Sumber Tani Makmur, CV/Muslim', 0),
(1531, 1531, 'Sumber Tani Makmur, CV/Muslim', 0),
(1532, 1532, 'Sumber Tani Makmur, CV/Muslim', 0),
(1533, 1533, 'Sumber Tani Makmur, CV/Muslim', 0),
(1534, 1534, 'Sumber Tani Makmur, CV/Muslim', 0),
(1535, 1535, 'Sumber Tani Makmur, CV/Muslim', 0),
(1536, 1536, 'Sumber Tani Makmur, CV/Muslim', 0),
(1537, 1537, 'Sumber Tani Makmur, CV/Muslim', 0),
(1538, 1538, 'Sumber Tani Makmur, CV/Muslim', 0),
(1539, 1539, 'Sumber Tani Makmur, CV/Muslim', 0),
(1540, 1540, 'Sumber Tani Makmur, CV/Muslim', 0),
(1541, 1541, 'Sumber Tani Makmur, CV/Muslim', 0),
(1542, 1542, 'Sumber Tani Makmur, CV/Muslim', 0),
(1543, 1543, 'Sumber Tani Makmur, CV/Muslim', 0),
(1544, 1544, 'Sumber Tani Makmur, CV/Muslim', 0),
(1545, 1545, 'Sumber Tani Makmur, CV/Muslim', 0),
(1546, 1546, 'Sumber Tani Makmur, CV/Muslim', 0),
(1547, 1547, 'Sumber Tani Makmur, CV/Muslim', 0),
(1548, 1548, 'Sumber Tani Makmur, CV/Muslim', 0),
(1549, 1549, 'Sumber Tani Makmur, CV/Muslim', 0),
(1550, 1550, 'Sumber Tani Makmur, CV/Muslim', 0),
(1551, 1551, 'Sumber Tani Makmur, CV/Muslim', 0),
(1552, 1552, 'Sumber Tani Makmur, CV/Muslim', 0),
(1553, 1553, 'Sumber Tani Makmur, CV/Muslim', 0),
(1554, 1554, 'Tani Jaya/Mul', 0),
(1555, 1555, 'Tani Jaya/Mul', 0),
(1556, 1556, 'Tani Jaya/Mul', 0),
(1557, 1557, 'Tani Jaya/Mul', 0),
(1558, 1558, 'Tani Jaya/Mul', 0),
(1559, 1559, 'Tani Jaya/Mul', 0),
(1560, 1560, 'Tani Jaya/Mul', 0),
(1561, 1561, 'Tani Jaya/Mul', 0),
(1562, 1562, 'Tani Jaya/Mul', 0),
(1563, 1563, 'Tani Jaya/Mul', 0),
(1564, 1564, 'Tani Jaya/Mul', 0),
(1565, 1565, 'Tani Jaya/Mul', 0),
(1566, 1566, 'Tani Jaya/Mul', 0),
(1567, 1567, 'Tani Jaya/Mul', 0),
(1568, 1568, 'Tani Jaya/Mul', 0),
(1569, 1569, 'Tani Jaya/Mul', 0),
(1570, 1570, 'Tani Jaya/Mul', 0),
(1571, 1571, 'Tani Jaya/Mul', 0),
(1572, 1572, 'Tani Jaya/Mul', 0),
(1573, 1573, 'Tani Jaya/Mul', 0),
(1574, 1574, 'Tani Jaya/Mul', 0),
(1575, 1575, 'Tani Jaya/Mul', 0),
(1576, 1576, 'Tani Jaya/Mul', 0),
(1577, 1577, 'Tani Jaya/Mul', 0),
(1578, 1578, 'Tani Jaya/Mul', 0),
(1579, 1579, 'Tani Jaya/Mul', 0),
(1580, 1580, 'Tani Jaya/Mul', 0),
(1581, 1581, 'Putra Podomoro, CV', 0),
(1582, 1582, 'Putra Podomoro, CV', 0),
(1583, 1583, 'Putra Podomoro, CV', 0),
(1584, 1584, 'Putra Podomoro, CV', 0),
(1585, 1585, 'Putra Podomoro, CV', 0),
(1586, 1586, 'Putra Podomoro, CV', 0),
(1587, 1587, 'Putra Podomoro, CV', 0),
(1588, 1588, 'Putra Podomoro, CV', 0),
(1589, 1589, 'Putra Podomoro, CV', 0),
(1590, 1590, 'Putra Podomoro, CV', 0),
(1591, 1591, 'Putra Podomoro, CV', 0),
(1592, 1592, 'Putra Podomoro, CV', 0),
(1593, 1593, 'Putra Podomoro, CV', 0),
(1594, 1594, 'Putra Podomoro, CV', 0),
(1595, 1595, 'Putra Podomoro, CV', 0),
(1596, 1596, 'Putra Podomoro, CV', 0),
(1597, 1597, 'Putra Podomoro, CV', 0),
(1598, 1598, 'Putra Podomoro, CV', 0),
(1599, 1599, 'Putra Podomoro, CV', 0),
(1600, 1600, 'Putra Podomoro, CV', 0),
(1601, 1601, 'Putra Podomoro, CV', 0),
(1602, 1602, 'Putra Podomoro, CV', 0),
(1603, 1603, 'Putra Podomoro, CV', 0),
(1604, 1604, 'Putra Podomoro, CV', 0),
(1605, 1605, 'Putra Podomoro, CV', 0),
(1606, 1606, 'Putra Podomoro, CV', 0),
(1607, 1607, 'Sinar Tani/Nuruddin', 0),
(1608, 1608, 'Sinar Tani/Nuruddin', 0),
(1609, 1609, 'Sinar Tani/Nuruddin', 0),
(1610, 1610, 'Sinar Tani/Nuruddin', 0),
(1611, 1611, 'Sinar Tani/Nuruddin', 0),
(1612, 1612, 'Sinar Tani/Nuruddin', 0),
(1613, 1613, 'Sinar Tani/Nuruddin', 0),
(1614, 1614, 'Sinar Tani/Nuruddin', 0),
(1615, 1615, 'Sinar Tani/Nuruddin', 0),
(1616, 1616, 'Sinar Tani/Nuruddin', 0),
(1617, 1617, 'Sinar Tani/Nuruddin', 0),
(1618, 1618, 'Sinar Tani/Nuruddin', 0),
(1619, 1619, 'Sinar Tani/Nuruddin', 0),
(1620, 1620, 'Sinar Tani/Nuruddin', 0),
(1621, 1621, 'Sinar Tani/Nuruddin', 0),
(1622, 1622, 'Sinar Tani/Nuruddin', 0),
(1623, 1623, 'Sinar Tani/Nuruddin', 0),
(1624, 1624, 'Sinar Tani/Nuruddin', 0),
(1625, 1625, 'Sinar Tani/Nuruddin', 0),
(1626, 1626, 'Sinar Tani/Nuruddin', 0),
(1627, 1627, 'Sinar Tani/Nuruddin', 0),
(1628, 1628, 'Sinar Tani/Nuruddin', 0),
(1629, 1629, 'Sinar Tani/Nuruddin', 0),
(1630, 1630, 'Sinar Tani/Nuruddin', 0),
(1631, 1631, 'Sinar Tani/Nuruddin', 0),
(1632, 1632, 'Sinar Tani/Nuruddin', 0),
(1633, 1633, 'Ardila Tani, UD', 0),
(1634, 1634, 'Ardila Tani, UD', 0),
(1635, 1635, 'Ardila Tani, UD', 0),
(1636, 1636, 'Ardila Tani, UD', 0),
(1637, 1637, 'Ardila Tani, UD', 0),
(1638, 1638, 'Ardila Tani, UD', 0),
(1639, 1639, 'Ardila Tani, UD', 0),
(1640, 1640, 'Ardila Tani, UD', 0),
(1641, 1641, 'Ardila Tani, UD', 0),
(1642, 1642, 'Ardila Tani, UD', 0),
(1643, 1643, 'Ardila Tani, UD', 0),
(1644, 1644, 'Ardila Tani, UD', 0),
(1645, 1645, 'Ardila Tani, UD', 0),
(1646, 1646, 'Ardila Tani, UD', 0),
(1647, 1647, 'Ardila Tani, UD', 0),
(1648, 1648, 'Ardila Tani, UD', 0),
(1649, 1649, 'Ardila Tani, UD', 0),
(1650, 1650, 'Ardila Tani, UD', 0),
(1651, 1651, 'Ardila Tani, UD', 0),
(1652, 1652, 'Ardila Tani, UD', 0),
(1653, 1653, 'Ardila Tani, UD', 0),
(1654, 1654, 'Ardila Tani, UD', 0),
(1655, 1655, 'Ardila Tani, UD', 0),
(1656, 1656, 'Ardila Tani, UD', 0),
(1657, 1657, 'Ardila Tani, UD', 0),
(1658, 1658, 'Ardila Tani, UD', 0),
(1659, 1659, 'Mubarok, Toko', 0),
(1660, 1660, 'Mubarok, Toko', 0),
(1661, 1661, 'Mubarok, Toko', 0),
(1662, 1662, 'Mubarok, Toko', 0),
(1663, 1663, 'Mubarok, Toko', 0),
(1664, 1664, 'Mubarok, Toko', 0),
(1665, 1665, 'Mubarok, Toko', 0),
(1666, 1666, 'Mubarok, Toko', 0),
(1667, 1667, 'Mubarok, Toko', 0),
(1668, 1668, 'Mubarok, Toko', 0),
(1669, 1669, 'Mubarok, Toko', 0),
(1670, 1670, 'Mubarok, Toko', 0),
(1671, 1671, 'Mubarok, Toko', 0),
(1672, 1672, 'Mubarok, Toko', 0),
(1673, 1673, 'Mubarok, Toko', 0),
(1674, 1674, 'Mubarok, Toko', 0),
(1675, 1675, 'Mubarok, Toko', 0),
(1676, 1676, 'Mubarok, Toko', 0),
(1677, 1677, 'Mubarok, Toko', 0),
(1678, 1678, 'Mubarok, Toko', 0),
(1679, 1679, 'Mubarok, Toko', 0),
(1680, 1680, 'Mubarok, Toko', 0),
(1681, 1681, 'Mubarok, Toko', 0),
(1682, 1682, 'Mubarok, Toko', 0),
(1683, 1683, 'Mubarok, Toko', 0),
(1684, 1684, 'Mubarok, Toko', 0),
(1685, 1685, 'Karya Tani/Ana', 0),
(1686, 1686, 'Karya Tani/Ana', 0),
(1687, 1687, 'Karya Tani/Ana', 0),
(1688, 1688, 'Karya Tani/Ana', 0),
(1689, 1689, 'Karya Tani/Ana', 0),
(1690, 1690, 'Karya Tani/Ana', 0),
(1691, 1691, 'Karya Tani/Ana', 0),
(1692, 1692, 'Karya Tani/Ana', 0),
(1693, 1693, 'Karya Tani/Ana', 0),
(1694, 1694, 'Karya Tani/Ana', 0),
(1695, 1695, 'Karya Tani/Ana', 0),
(1696, 1696, 'Karya Tani/Ana', 0),
(1697, 1697, 'Karya Tani/Ana', 0),
(1698, 1698, 'Karya Tani/Ana', 0),
(1699, 1699, 'Karya Tani/Ana', 0),
(1700, 1700, 'Karya Tani/Ana', 0),
(1701, 1701, 'Karya Tani/Ana', 0),
(1702, 1702, 'Karya Tani/Ana', 0),
(1703, 1703, 'Karya Tani/Ana', 0),
(1704, 1704, 'Karya Tani/Ana', 0),
(1705, 1705, 'Karya Tani/Ana', 0),
(1706, 1706, 'Karya Tani/Ana', 0),
(1707, 1707, 'Karya Tani/Ana', 0),
(1708, 1708, 'Karya Tani/Ana', 0),
(1709, 1709, 'Karya Tani/Ana', 0),
(1710, 1710, 'Karya Tani/Ana', 0);

-- --------------------------------------------------------

--
-- Table structure for table `user`
--

CREATE TABLE `user` (
  `id` int(11) NOT NULL,
  `nama` varchar(255) NOT NULL,
  `username` varchar(255) NOT NULL,
  `password` varchar(255) NOT NULL,
  `level` varchar(255) NOT NULL
) ENGINE=InnoDB DEFAULT CHARSET=latin1 COLLATE=latin1_swedish_ci;

--
-- Dumping data for table `user`
--

INSERT INTO `user` (`id`, `nama`, `username`, `password`, `level`) VALUES
(1, 'admin', 'admin', 'admin', 'admin'),
(2, 'undian_silver', 'silver', 'silver', 'user');

--
-- Indexes for dumped tables
--

--
-- Indexes for table `tb_pemenang`
--
ALTER TABLE `tb_pemenang`
  ADD PRIMARY KEY (`id_win`);

--
-- Indexes for table `tb_prize`
--
ALTER TABLE `tb_prize`
  ADD PRIMARY KEY (`id_prize`),
  ADD KEY `FK1_undian` (`id_kat_undi`);

--
-- Indexes for table `tb_undian`
--
ALTER TABLE `tb_undian`
  ADD PRIMARY KEY (`id_kat_undi`);

--
-- Indexes for table `tb_win`
--
ALTER TABLE `tb_win`
  ADD PRIMARY KEY (`id_pemenang`);

--
-- Indexes for table `undian_extra`
--
ALTER TABLE `undian_extra`
  ADD PRIMARY KEY (`id_undi`);

--
-- Indexes for table `undian_gold`
--
ALTER TABLE `undian_gold`
  ADD PRIMARY KEY (`id_undian`);

--
-- Indexes for table `undian_silver`
--
ALTER TABLE `undian_silver`
  ADD PRIMARY KEY (`id_undian`);

--
-- Indexes for table `user`
--
ALTER TABLE `user`
  ADD PRIMARY KEY (`id`);

--
-- AUTO_INCREMENT for dumped tables
--

--
-- AUTO_INCREMENT for table `tb_pemenang`
--
ALTER TABLE `tb_pemenang`
  MODIFY `id_win` int(11) NOT NULL AUTO_INCREMENT;

--
-- AUTO_INCREMENT for table `tb_undian`
--
ALTER TABLE `tb_undian`
  MODIFY `id_kat_undi` int(11) NOT NULL AUTO_INCREMENT, AUTO_INCREMENT=6;

--
-- AUTO_INCREMENT for table `tb_win`
--
ALTER TABLE `tb_win`
  MODIFY `id_pemenang` int(11) NOT NULL AUTO_INCREMENT;

--
-- AUTO_INCREMENT for table `undian_extra`
--
ALTER TABLE `undian_extra`
  MODIFY `id_undi` int(11) NOT NULL AUTO_INCREMENT, AUTO_INCREMENT=102;

--
-- AUTO_INCREMENT for table `user`
--
ALTER TABLE `user`
  MODIFY `id` int(11) NOT NULL AUTO_INCREMENT, AUTO_INCREMENT=3;
COMMIT;

/*!40101 SET CHARACTER_SET_CLIENT=@OLD_CHARACTER_SET_CLIENT */;
/*!40101 SET CHARACTER_SET_RESULTS=@OLD_CHARACTER_SET_RESULTS */;
/*!40101 SET COLLATION_CONNECTION=@OLD_COLLATION_CONNECTION */;
